{"stats":{"minecraft:picked_up":{"luminousworld:groundpebbles_1":11,"minecraft:crafting_table":6,"minecraft:feather":2,"minecraft:chicken":2,"minecraft:water_bucket":1,"minecraft:andesite":9,"minecraft:flint":1,"minecraft:oak_log":11,"minecraft:gunpowder":3,"minecraft:amethyst_block":20,"minecraft:dirt":12,"minecraft:raw_copper":8,"minecraft:leather_boots":1,"minecraft:bone":5,"minecraft:apple":1,"minecraft:bow":1,"minecraft:wheat_seeds":5,"minecraft:cobbled_deepslate":3,"minecraft:bucket":1,"minecraft:iron_ingot":10,"minecraft:egg":1,"minecraft:furnace":5,"minecraft:stick":2,"minecraft:raw_iron":89,"minecraft:smooth_basalt":1,"minecraft:torch":21,"minecraft:acacia_log":3,"minecraft:dripstone_block":1,"minecraft:porkchop":4,"tombstone:grave_dust":2,"minecraft:pointed_dripstone":8,"minecraft:diorite":44,"minecraft:white_bed":3,"luminousworld:white_oak_sapling":1,"alexsmobs:kangaroo_hide":1,"minecraft:iron_hoe":1,"minecraft:granite":1,"minecraft:bread":8,"minecraft:oak_sapling":1,"tombstone:magic_scroll":1,"alexsmobs:kangaroo_meat":2,"minecraft:mutton":2,"minecraft:coal":6,"minecraft:white_wool":1,"minecraft:cobblestone":39},"minecraft:custom":{"minecraft:interact_with_furnace":34,"minecraft:mob_kills":23,"minecraft:interact_with_crafting_table":10,"minecraft:time_since_death":40734,"minecraft:sleep_in_bed":2,"minecraft:time_since_rest":6818,"minecraft:sprint_one_cm":137365,"minecraft:damage_taken":1768,"minecraft:walk_one_cm":113176,"minecraft:drop":14,"minecraft:damage_dealt":3340,"minecraft:swim_one_cm":2255,"minecraft:fly_one_cm":181584,"minecraft:crouch_one_cm":1210,"minecraft:play_time":64169,"tombstone:undead_killed":7,"minecraft:deaths":3,"minecraft:sneak_time":1004,"minecraft:walk_under_water_one_cm":1026,"minecraft:jump":1259,"minecraft:walk_on_water_one_cm":15423,"minecraft:total_world_time":64169,"minecraft:fall_one_cm":31799},"minecraft:broken":{"minecraft:stone_pickaxe":1},"minecraft:dropped":{"minecraft:wheat_seeds":5,"luminousworld:white_oak_sapling":1,"minecraft:feather":2,"minecraft:cobblestone":1,"minecraft:gunpowder":2,"minecraft:torch":1,"luminousworld:groundpebbles_1":2,"minecraft:oak_sapling":1,"minecraft:bow":1},"minecraft:used":{"minecraft:cooked_mutton":2,"minecraft:water_bucket":13,"minecraft:diorite":44,"minecraft:stone_pickaxe":144,"minecraft:wooden_pickaxe":39,"luminousworld:groundpebbles_1":8,"minecraft:cooked_chicken":2,"minecraft:torch":18,"minecraft:dirt":9,"minecraft:crafting_table":6,"alexsmobs:cooked_kangaroo_meat":1,"minecraft:white_bed":2,"minecraft:dripstone_block":1,"minecraft:granite":1,"minecraft:apple":1,"minecraft:bread":8,"tombstone:magic_scroll":6,"minecraft:smooth_basalt":1,"minecraft:stone_axe":114,"minecraft:cobblestone":11,"minecraft:cooked_porkchop":3,"minecraft:furnace":5,"minecraft:bucket":14,"minecraft:andesite":9,"minecraft:egg":1,"tombstone:gift":2,"alexsmobs:animal_dictionary":1,"minecraft:cobbled_deepslate":3,"minecraft:acacia_planks":1,"minecraft:pointed_dripstone":8},"minecraft:killed":{"minecraft:pig":4,"born_in_chaos_v1:skeleton_demoman":1,"enemyexpansion:direwolf":1,"creeperoverhaul:dripstone_creeper":1,"alexsmobs:emu":1,"minecraft:sheep":1,"minecraft:skeleton":2,"luminousworld:ringlet":2,"luminousworld:savannah_skeleton":1,"minecraft:zombie":2,"minecraft:chicken":2,"alexsmobs:gazelle":1,"creeperoverhaul:savannah_creeper":1,"alexsmobs:kangaroo":2,"luminousworld:savannah_zombie":1},"minecraft:killed_by":{"minecraft:skeleton":1},"minecraft:mined":{"luminousworld:groundpebbles_1":9,"minecraft:white_bed":4,"luminousworld:tall_deadbush":2,"minecraft:medium_amethyst_bud":1,"luminousworld:savannah_grass_1":1,"minecraft:crafting_table":6,"minecraft:torch":11,"minecraft:granite":1,"minecraft:acacia_log":3,"minecraft:grass_block":4,"minecraft:tall_grass":2,"minecraft:cobblestone":13,"minecraft:diorite":41,"minecraft:wall_torch":8,"minecraft:amethyst_block":21,"minecraft:furnace":5,"luminousworld:yellow_grassflowers":1,"minecraft:iron_ore":49,"minecraft:andesite":5,"minecraft:grass":32,"minecraft:pointed_dripstone":1,"minecraft:oak_log":11,"minecraft:deepslate_iron_ore":6,"minecraft:small_amethyst_bud":2,"minecraft:gravel":1,"minecraft:dripstone_block":1,"minecraft:dirt":6,"minecraft:smooth_basalt":1,"luminousworld:groundpebbles_2":1,"minecraft:stone":25,"minecraft:oak_leaves":3,"minecraft:deepslate":3},"minecraft:crafted":{"minecraft:oak_planks":44,"minecraft:cooked_porkchop":4,"minecraft:crafting_table":1,"alexsmobs:cooked_kangaroo_meat":1,"minecraft:wooden_pickaxe":1,"minecraft:cooked_chicken":2,"minecraft:furnace":1,"minecraft:bucket":1,"minecraft:stone_axe":2,"minecraft:cooked_mutton":2,"minecraft:air":0,"minecraft:shield":1,"minecraft:stick":12,"minecraft:iron_ingot":5,"minecraft:stone_pickaxe":2,"minecraft:acacia_planks":12}},"DataVersion":3465}