{"stats":{"minecraft:picked_up":{"luminousworld:groundpebbles_1":16,"minecraft:charcoal":4,"minecraft:crafting_table":6,"minecraft:chicken":2,"minecraft:potion":2,"minecraft:enchanted_book":1,"minecraft:amethyst_block":20,"minecraft:raw_copper":8,"minecraft:cobbled_deepslate":3,"minecraft:bucket":1,"minecraft:spruce_planks":1,"minecraft:poppy":2,"minecraft:furnace":5,"minecraft:egg":1,"minecraft:raw_iron":89,"minecraft:stick":2,"minecraft:torch":22,"minecraft:acacia_log":3,"minecraft:porkchop":4,"minecraft:pointed_dripstone":8,"tombstone:grave_dust":2,"minecraft:diorite":44,"luminousworld:white_oak_sapling":1,"minecraft:rotten_flesh":1,"minecraft:gold_ingot":2,"luminousworld:tall_deadbush":1,"minecraft:mutton":10,"alexsmobs:kangaroo_meat":2,"minecraft:white_wool":1,"minecraft:cobblestone":39,"minecraft:feather":2,"minecraft:water_bucket":1,"minecraft:andesite":9,"minecraft:flint":1,"minecraft:oak_log":11,"minecraft:gunpowder":3,"minecraft:dirt":12,"tombstone:gift":2,"minecraft:leather_boots":1,"minecraft:bone":6,"minecraft:apple":1,"minecraft:bow":1,"minecraft:wheat_seeds":6,"minecraft:iron_ingot":12,"luminousworld:elephant_grass":1,"luminousworld:white_petunias":1,"minecraft:smooth_basalt":1,"minecraft:dripstone_block":1,"minecraft:white_bed":3,"minecraft:red_terracotta":2,"minecraft:iron_hoe":1,"alexsmobs:kangaroo_hide":1,"minecraft:soul_lantern":1,"minecraft:granite":1,"minecraft:bread":8,"tombstone:magic_scroll":1,"minecraft:oak_sapling":1,"minecraft:coal":9},"minecraft:custom":{"minecraft:mob_kills":26,"minecraft:interact_with_crafting_table":10,"minecraft:open_barrel":4,"minecraft:time_since_death":1552,"minecraft:sprint_one_cm":166646,"minecraft:walk_one_cm":149511,"minecraft:drop":29,"minecraft:talked_to_villager":2,"minecraft:play_time":76169,"minecraft:deaths":6,"minecraft:sneak_time":1019,"minecraft:walk_under_water_one_cm":7593,"minecraft:jump":1495,"minecraft:interact_with_blast_furnace":1,"minecraft:walk_on_water_one_cm":24116,"minecraft:total_world_time":76169,"minecraft:interact_with_furnace":34,"minecraft:sleep_in_bed":2,"minecraft:time_since_rest":1163,"minecraft:damage_taken":2679,"minecraft:damage_dealt":4255,"minecraft:swim_one_cm":15226,"minecraft:fly_one_cm":232260,"minecraft:open_chest":2,"minecraft:crouch_one_cm":1210,"tombstone:undead_killed":10,"minecraft:fall_one_cm":35853},"minecraft:broken":{"minecraft:stone_pickaxe":1},"minecraft:used":{"minecraft:spruce_planks":1,"minecraft:cooked_chicken":2,"minecraft:torch":20,"minecraft:dirt":9,"alexsmobs:cooked_kangaroo_meat":1,"minecraft:granite":1,"minecraft:smooth_basalt":1,"minecraft:furnace":5,"tombstone:gift":4,"minecraft:egg":1,"minecraft:acacia_planks":1,"minecraft:cobbled_deepslate":3,"minecraft:pointed_dripstone":8,"minecraft:cooked_mutton":2,"minecraft:water_bucket":22,"minecraft:diorite":44,"minecraft:stone_pickaxe":147,"minecraft:oak_planks":20,"minecraft:wooden_pickaxe":39,"luminousworld:groundpebbles_1":8,"minecraft:crafting_table":6,"minecraft:white_bed":2,"minecraft:dripstone_block":1,"minecraft:apple":1,"minecraft:bread":10,"tombstone:magic_scroll":6,"minecraft:stone_axe":137,"minecraft:cobblestone":11,"minecraft:cooked_porkchop":4,"minecraft:andesite":9,"minecraft:bucket":23,"alexsmobs:animal_dictionary":1},"minecraft:dropped":{"minecraft:wheat_seeds":6,"luminousworld:white_oak_sapling":1,"luminousworld:white_petunias":1,"minecraft:feather":2,"minecraft:cobblestone":1,"minecraft:stick":3,"minecraft:dirt":3,"minecraft:torch":1,"minecraft:bone":6,"minecraft:stone_axe":1,"minecraft:rotten_flesh":1,"luminousworld:tall_deadbush":1,"alexsmobs:kangaroo_hide":1,"minecraft:poppy":2,"minecraft:gunpowder":3,"luminousworld:groundpebbles_1":6,"minecraft:oak_sapling":1,"luminousworld:elephant_grass":1,"minecraft:bow":1},"minecraft:killed":{"born_in_chaos_v1:skeleton_demoman":1,"enemyexpansion:direwolf":1,"creeperoverhaul:dripstone_creeper":1,"minecraft:skeleton":2,"luminousworld:ringlet":2,"minecraft:chicken":2,"luminousworld:savannah_zombie":3,"alexsmobs:kangaroo":2,"minecraft:pig":4,"alexsmobs:emu":1,"minecraft:sheep":1,"luminousworld:savannah_skeleton":2,"minecraft:zombie":2,"alexsmobs:gazelle":1,"creeperoverhaul:savannah_creeper":1},"minecraft:killed_by":{"minecraft:husk":2,"minecraft:skeleton":2},"minecraft:mined":{"luminousworld:groundpebbles_1":9,"minecraft:white_bed":4,"minecraft:granite":1,"minecraft:acacia_log":3,"minecraft:grass_block":4,"minecraft:furnace":5,"luminousworld:yellow_grassflowers":1,"minecraft:iron_ore":49,"minecraft:andesite":5,"minecraft:pointed_dripstone":1,"minecraft:deepslate_iron_ore":6,"minecraft:small_amethyst_bud":2,"luminousworld:groundpebbles_2":1,"minecraft:stone":25,"luminousworld:tall_deadbush":3,"minecraft:medium_amethyst_bud":1,"minecraft:crafting_table":6,"minecraft:torch":11,"luminousworld:savannah_grass_1":1,"minecraft:campfire":2,"minecraft:cobblestone":13,"minecraft:tall_grass":2,"minecraft:diorite":41,"minecraft:wall_torch":9,"minecraft:amethyst_block":21,"minecraft:grass":32,"minecraft:oak_log":12,"minecraft:coal_ore":2,"minecraft:gravel":1,"minecraft:dripstone_block":1,"minecraft:dirt":6,"minecraft:smooth_basalt":1,"minecraft:stone_bricks":1,"minecraft:oak_leaves":3,"minecraft:deepslate":3},"minecraft:crafted":{"minecraft:oak_planks":44,"minecraft:cooked_chicken":2,"minecraft:furnace":1,"minecraft:cooked_mutton":2,"minecraft:stone_pickaxe":2,"minecraft:cooked_porkchop":4,"minecraft:crafting_table":1,"minecraft:wooden_pickaxe":1,"alexsmobs:cooked_kangaroo_meat":1,"minecraft:bucket":1,"minecraft:stone_axe":2,"minecraft:air":0,"minecraft:shield":1,"minecraft:stick":12,"minecraft:iron_ingot":5,"minecraft:acacia_planks":12}},"DataVersion":3465}