{"stats":{"minecraft:picked_up":{"minecraft:raw_iron":39,"minecraft:stick":1,"minecraft:crafting_table":2,"minecraft:andesite":6,"minecraft:torch":6,"minecraft:acacia_log":3,"minecraft:dripstone_block":1,"minecraft:oak_log":11,"minecraft:pointed_dripstone":2,"minecraft:gunpowder":2,"minecraft:dirt":5,"minecraft:leather_boots":1,"minecraft:bone":2,"minecraft:apple":1,"minecraft:wheat_seeds":1,"minecraft:bread":8,"tombstone:magic_scroll":1,"minecraft:oak_sapling":1,"minecraft:coal":1,"minecraft:cobblestone":12},"minecraft:custom":{"minecraft:time_since_rest":8624,"minecraft:sprint_one_cm":44971,"minecraft:damage_taken":849,"minecraft:walk_one_cm":33383,"minecraft:mob_kills":5,"minecraft:drop":3,"minecraft:damage_dealt":1015,"minecraft:interact_with_crafting_table":4,"minecraft:fly_one_cm":52003,"minecraft:crouch_one_cm":654,"minecraft:play_time":16169,"tombstone:undead_killed":4,"minecraft:deaths":2,"minecraft:sneak_time":596,"minecraft:jump":335,"minecraft:walk_on_water_one_cm":2812,"minecraft:time_since_death":9390,"minecraft:total_world_time":16169,"minecraft:fall_one_cm":7636},"minecraft:dropped":{"minecraft:gunpowder":2,"minecraft:torch":1},"minecraft:used":{"minecraft:apple":1,"minecraft:bread":5,"minecraft:stone_pickaxe":47,"minecraft:wooden_pickaxe":14,"minecraft:stone_axe":34,"minecraft:torch":4,"minecraft:dirt":4,"minecraft:crafting_table":2,"minecraft:andesite":6,"tombstone:gift":2,"alexsmobs:animal_dictionary":1},"minecraft:killed":{"minecraft:skeleton":1,"minecraft:zombie":2,"born_in_chaos_v1:skeleton_demoman":1,"enemyexpansion:direwolf":1},"minecraft:killed_by":{"minecraft:skeleton":1},"minecraft:mined":{"minecraft:iron_ore":41,"minecraft:andesite":2,"minecraft:crafting_table":2,"minecraft:torch":3,"minecraft:pointed_dripstone":1,"minecraft:grass":4,"minecraft:acacia_log":3,"minecraft:grass_block":2,"minecraft:oak_log":11,"minecraft:dripstone_block":1,"minecraft:dirt":3,"minecraft:tall_grass":1,"minecraft:stone":12,"minecraft:wall_torch":2},"minecraft:crafted":{"minecraft:oak_planks":44,"minecraft:crafting_table":1,"minecraft:stick":8,"minecraft:wooden_pickaxe":1,"minecraft:stone_pickaxe":1,"minecraft:acacia_planks":12,"minecraft:stone_axe":1}},"DataVersion":3465}