{"stats":{"minecraft:picked_up":{"minecraft:charcoal":4,"luminousworld:groundpebbles_1":24,"minecraft:crafting_table":9,"born_in_chaos_v1:diamond_termite_shard":1,"minecraft:wheat":7,"minecraft:allium":2,"minecraft:chicken":2,"minecraft:clay_ball":3,"born_in_chaos_v1:seedof_chaos":1,"minecraft:enchanted_book":2,"minecraft:potion":2,"minecraft:amethyst_block":20,"minecraft:iron_axe":1,"minecraft:string":26,"minecraft:raw_copper":8,"minecraft:iron_leggings":2,"minecraft:experience_bottle":1,"minecraft:iron_shovel":1,"minecraft:zombie_head":1,"minecraft:cyan_carpet":17,"minecraft:oak_sign":1,"iceandfire:bestiary":1,"quark:spruce_chest":1,"minecraft:cartography_table":1,"minecraft:cobbled_deepslate":3,"minecraft:bucket":1,"minecraft:spruce_planks":1,"minecraft:calcite":4,"minecraft:poppy":10,"minecraft:melon_slice":58,"minecraft:spruce_trapdoor":3,"minecraft:smooth_quartz_stairs":3,"minecraft:furnace":5,"minecraft:egg":1,"minecraft:raw_iron":94,"minecraft:stick":2,"minecraft:acacia_fence":5,"minecraft:torch":27,"minecraft:acacia_log":13,"minecraft:spruce_stairs":1,"minecraft:porkchop":6,"minecraft:stone_button":1,"minecraft:pointed_dripstone":9,"tombstone:grave_dust":2,"minecraft:diorite":44,"born_in_chaos_v1:pieceofdarkmetal":4,"minecraft:brown_carpet":4,"luminousworld:white_oak_sapling":1,"minecraft:rotten_flesh":7,"minecraft:hay_block":13,"minecraft:carved_pumpkin":2,"minecraft:gold_ingot":4,"minecraft:glistering_melon_slice":2,"luminousworld:tall_deadbush":4,"minecraft:mutton":15,"minecraft:obsidian":5,"alexsmobs:kangaroo_meat":2,"minecraft:white_wool":6,"minecraft:cobblestone":40,"minecraft:oxeye_daisy":1,"minecraft:feather":2,"minecraft:lilac":3,"minecraft:tripwire_hook":1,"minecraft:water_bucket":1,"minecraft:andesite":9,"minecraft:leather":1,"minecraft:mushroom_stew":1,"minecraft:flint":1,"minecraft:oak_log":11,"minecraft:gunpowder":3,"minecraft:dirt":12,"minecraft:lantern":4,"tombstone:gift":2,"minecraft:leather_boots":1,"minecraft:bone":20,"minecraft:acacia_planks":1,"minecraft:apple":3,"minecraft:gray_carpet":12,"minecraft:bow":2,"minecraft:wheat_seeds":20,"minecraft:iron_ingot":15,"luminousworld:elephant_grass":2,"tombstone:bag_of_seeds":1,"iceandfire:dragon_meal":3,"luminousworld:white_petunias":1,"minecraft:honeycomb":3,"minecraft:oak_planks":1,"minecraft:acacia_sapling":2,"minecraft:book":1,"minecraft:scaffolding":3,"minecraft:smooth_basalt":1,"iceandfire:ash":10,"minecraft:dandelion":7,"minecraft:dripstone_block":1,"minecraft:white_bed":4,"minecraft:spruce_log":2,"minecraft:acacia_stairs":1,"minecraft:red_terracotta":2,"minecraft:barrel":1,"minecraft:mossy_cobblestone":2,"minecraft:bundle":1,"minecraft:iron_hoe":1,"alexsmobs:kangaroo_hide":1,"minecraft:diamond":1,"minecraft:stone_axe":4,"minecraft:soul_lantern":1,"minecraft:granite":1,"minecraft:emerald":1,"minecraft:bread":8,"tombstone:magic_scroll":1,"minecraft:oak_sapling":1,"luminousworld:bao_bob_log":4,"minecraft:coal":9},"minecraft:custom":{"minecraft:interact_with_smithing_table":1,"minecraft:mob_kills":55,"minecraft:interact_with_crafting_table":42,"minecraft:open_barrel":10,"minecraft:eat_cake_slice":6,"minecraft:leave_game":2,"minecraft:time_since_death":9301,"minecraft:climb_one_cm":5792,"minecraft:sprint_one_cm":498595,"minecraft:walk_one_cm":358407,"minecraft:damage_blocked_by_shield":1380,"minecraft:drop":89,"minecraft:talked_to_villager":4,"minecraft:play_time":205369,"minecraft:sneak_time":1862,"minecraft:deaths":21,"minecraft:walk_under_water_one_cm":38609,"minecraft:jump":3613,"minecraft:interact_with_blast_furnace":1,"minecraft:walk_on_water_one_cm":57127,"minecraft:total_world_time":205369,"minecraft:interact_with_furnace":37,"minecraft:interact_with_cartography_table":1,"minecraft:sleep_in_bed":8,"minecraft:time_since_rest":9128,"minecraft:damage_taken":7959,"minecraft:damage_dealt":11297,"minecraft:swim_one_cm":21257,"minecraft:fly_one_cm":755712,"minecraft:open_chest":61,"minecraft:crouch_one_cm":2561,"tombstone:undead_killed":27,"minecraft:fall_one_cm":98603},"minecraft:broken":{"minecraft:stone_pickaxe":1,"minecraft:shield":1,"minecraft:leather_boots":1,"minecraft:stone_axe":3},"minecraft:dropped":{"minecraft:wheat_seeds":6,"minecraft:lilac":2,"luminousworld:white_oak_sapling":1,"minecraft:glass_bottle":1,"luminousworld:white_petunias":1,"minecraft:feather":2,"minecraft:cobblestone":1,"minecraft:book":1,"minecraft:stick":4,"minecraft:dirt":3,"minecraft:stone_button":1,"minecraft:torch":2,"minecraft:zombie_head":1,"minecraft:iron_leggings":1,"minecraft:glistering_melon_slice":3,"minecraft:string":26,"minecraft:white_wool":1,"minecraft:dandelion":1,"minecraft:bone":10,"minecraft:stone_axe":4,"alexsmobs:animal_dictionary":1,"minecraft:raw_copper":8,"minecraft:pointed_dripstone":1,"minecraft:wheat":3,"minecraft:obsidian":5,"minecraft:soul_lantern":1,"minecraft:rotten_flesh":2,"luminousworld:tall_deadbush":2,"minecraft:clay_ball":3,"aether:leather_gloves":1,"minecraft:torchflower_seeds":1,"minecraft:red_terracotta":1,"alexsmobs:kangaroo_hide":1,"minecraft:poppy":4,"minecraft:gunpowder":3,"minecraft:allium":2,"minecraft:bundle":1,"minecraft:charcoal":4,"luminousworld:groundpebbles_1":8,"minecraft:melon_seeds":2,"minecraft:oak_sapling":1,"minecraft:acacia_sapling":2,"iceandfire:bestiary":1,"minecraft:carved_pumpkin":1,"iceandfire:dragon_meal":4,"luminousworld:elephant_grass":2,"minecraft:bow":1,"minecraft:calcite":4,"iceandfire:manuscript":67},"minecraft:used":{"minecraft:iron_shovel":9,"minecraft:carved_pumpkin":1,"minecraft:oak_sign":1,"minecraft:spruce_planks":1,"minecraft:shield":43,"minecraft:cooked_chicken":2,"minecraft:torch":29,"minecraft:dirt":9,"alexsmobs:cooked_kangaroo_meat":1,"minecraft:granite":1,"minecraft:iron_hoe":15,"quark:spruce_chest":1,"minecraft:iron_axe":28,"minecraft:smooth_basalt":1,"minecraft:furnace":6,"tombstone:gift":6,"minecraft:egg":1,"minecraft:cobbled_deepslate":3,"minecraft:acacia_planks":2,"minecraft:pointed_dripstone":8,"minecraft:cooked_mutton":2,"minecraft:diorite":44,"minecraft:water_bucket":111,"minecraft:oak_planks":26,"minecraft:stone_pickaxe":169,"minecraft:wooden_pickaxe":39,"luminousworld:groundpebbles_1":8,"luminousworld:baobab_plank":9,"minecraft:crafting_table":10,"quark:acacia_chest":2,"minecraft:white_bed":4,"minecraft:dripstone_block":1,"minecraft:cake":2,"tombstone:bag_of_seeds":1,"minecraft:acacia_stairs":1,"minecraft:apple":1,"minecraft:bread":27,"minecraft:melon_slice":23,"tombstone:magic_scroll":6,"minecraft:stone_axe":345,"minecraft:cobblestone":11,"minecraft:potion":1,"minecraft:andesite":9,"minecraft:cooked_porkchop":4,"minecraft:bucket":112,"alexsmobs:animal_dictionary":1},"minecraft:killed":{"minecraft:cave_spider":6,"born_in_chaos_v1:skeleton_demoman":1,"minecraft:spider":1,"enemyexpansion:direwolf":1,"born_in_chaos_v1:zombie_bruiser":1,"creeperoverhaul:dripstone_creeper":1,"minecraft:skeleton":5,"luminousworld:ringlet":2,"takesapillage:clay_golem":1,"minecraft:chicken":2,"alexsmobs:kangaroo":2,"luminousworld:savannah_zombie":8,"born_in_chaos_v1:fallen_chaos_knight":1,"minecraft:pig":4,"born_in_chaos_v1:diamond_termite":3,"undead_revamp2:the_moonflower":3,"born_in_chaos_v1:decrepit_skeleton":1,"alexsmobs:emu":1,"minecraft:sheep":1,"luminousworld:savannah_skeleton":5,"undead_revamp2:thesomnolence":1,"minecraft:zombie":2,"alexsmobs:gazelle":1,"creeperoverhaul:savannah_creeper":1},"minecraft:killed_by":{"minecraft:husk":5,"minecraft:player":1,"undead_revamp2:the_moonflower":1,"undead_revamp2:thesomnolence":1,"minecraft:cave_spider":2,"minecraft:skeleton":3,"iceandfire:lightning_dragon":2,"minecraft:zombie":1},"minecraft:mined":{"luminousworld:groundpebbles_1":14,"minecraft:white_bed":5,"minecraft:attached_melon_stem":1,"minecraft:mossy_cobblestone":2,"minecraft:carved_pumpkin":2,"minecraft:spruce_trapdoor":3,"minecraft:granite":1,"minecraft:acacia_log":13,"minecraft:grass_block":4,"minecraft:cartography_table":1,"luminousworld:savanna_grass_2":8,"minecraft:spawner":2,"minecraft:hay_block":14,"minecraft:furnace":5,"luminousworld:yellow_grassflowers":1,"minecraft:iron_ore":52,"minecraft:barrel":1,"minecraft:andesite":5,"minecraft:pointed_dripstone":2,"minecraft:oak_sign":1,"minecraft:deepslate_iron_ore":8,"minecraft:vine":1,"minecraft:small_amethyst_bud":2,"minecraft:cake":1,"minecraft:smooth_quartz_stairs":3,"luminousworld:groundpebbles_2":2,"minecraft:stone":25,"minecraft:white_wool":3,"luminousworld:savannah_soil":1,"minecraft:acacia_leaves":1,"minecraft:scaffolding":3,"minecraft:glass_pane":2,"luminousworld:tall_deadbush":3,"minecraft:medium_amethyst_bud":1,"minecraft:brown_carpet":1,"minecraft:dandelion":1,"minecraft:crafting_table":9,"minecraft:torch":11,"luminousworld:savannah_grass_1":10,"minecraft:calcite":4,"minecraft:poppy":6,"minecraft:melon":11,"minecraft:campfire":2,"minecraft:tall_grass":5,"minecraft:cobblestone":14,"minecraft:oak_planks":1,"minecraft:diorite":41,"minecraft:wall_torch":12,"minecraft:amethyst_block":21,"minecraft:spruce_stairs":1,"minecraft:acacia_sapling":1,"minecraft:wheat":1,"minecraft:lilac":1,"minecraft:spruce_log":2,"luminousworld:bao_bob_log":4,"iceandfire:ash":11,"minecraft:grass":35,"minecraft:coal_ore":2,"minecraft:oak_log":12,"quark:spruce_chest":1,"minecraft:acacia_fence":1,"minecraft:cyan_carpet":1,"minecraft:gravel":1,"minecraft:dirt":6,"minecraft:dripstone_block":1,"minecraft:smooth_basalt":1,"minecraft:tripwire_hook":1,"minecraft:acacia_planks":3,"minecraft:stone_bricks":1,"luminousworld:elephant_grass":2,"luminousworld:savannah_grass_4":5,"minecraft:oak_leaves":3,"minecraft:deepslate":3,"luminousworld:savannah_ground":4},"minecraft:crafted":{"minecraft:oak_planks":44,"minecraft:cooked_chicken":2,"minecraft:furnace":1,"minecraft:cooked_mutton":2,"quark:acacia_chest":2,"aether:red_cape":1,"minecraft:iron_axe":1,"minecraft:stone_pickaxe":2,"quark:spruce_chest":1,"minecraft:wheat":117,"minecraft:red_dye":6,"minecraft:cooked_porkchop":4,"minecraft:crafting_table":1,"iceandfire:dragon_meal":1,"minecraft:spruce_planks":8,"minecraft:wooden_pickaxe":1,"alexsmobs:cooked_kangaroo_meat":1,"minecraft:red_wool":6,"minecraft:bucket":1,"minecraft:stone_axe":4,"minecraft:bread":40,"minecraft:air":0,"minecraft:yellow_dye":1,"minecraft:shield":2,"minecraft:stick":20,"minecraft:iron_ingot":5,"minecraft:iron_leggings":1,"minecraft:acacia_planks":52,"minecraft:torch":8,"luminousworld:baobab_plank":16}},"DataVersion":3465}