{"stats":{"minecraft:picked_up":{"luminousworld:groundpebbles_1":11,"minecraft:crafting_table":4,"minecraft:feather":2,"minecraft:chicken":2,"minecraft:andesite":9,"minecraft:flint":1,"minecraft:oak_log":11,"minecraft:gunpowder":3,"minecraft:amethyst_block":20,"minecraft:dirt":9,"minecraft:raw_copper":8,"minecraft:leather_boots":1,"minecraft:bone":5,"minecraft:apple":1,"minecraft:bow":1,"minecraft:wheat_seeds":5,"minecraft:cobbled_deepslate":3,"minecraft:iron_ingot":10,"minecraft:egg":1,"minecraft:furnace":3,"minecraft:stick":1,"minecraft:raw_iron":89,"minecraft:smooth_basalt":1,"minecraft:torch":20,"minecraft:acacia_log":3,"minecraft:dripstone_block":1,"minecraft:porkchop":2,"tombstone:grave_dust":2,"minecraft:pointed_dripstone":8,"minecraft:diorite":44,"minecraft:white_bed":1,"alexsmobs:kangaroo_hide":1,"minecraft:iron_hoe":1,"minecraft:granite":1,"minecraft:bread":8,"minecraft:oak_sapling":1,"tombstone:magic_scroll":1,"alexsmobs:kangaroo_meat":2,"minecraft:mutton":2,"minecraft:coal":6,"minecraft:white_wool":1,"minecraft:cobblestone":33},"minecraft:custom":{"minecraft:interact_with_furnace":30,"minecraft:mob_kills":20,"minecraft:interact_with_crafting_table":8,"minecraft:time_since_death":28734,"minecraft:sleep_in_bed":1,"minecraft:time_since_rest":8128,"minecraft:sprint_one_cm":104649,"minecraft:damage_taken":1599,"minecraft:walk_one_cm":85013,"minecraft:drop":12,"minecraft:damage_dealt":2960,"minecraft:swim_one_cm":248,"minecraft:fly_one_cm":138929,"minecraft:crouch_one_cm":1032,"minecraft:play_time":52169,"tombstone:undead_killed":7,"minecraft:deaths":3,"minecraft:sneak_time":888,"minecraft:walk_under_water_one_cm":272,"minecraft:jump":1037,"minecraft:walk_on_water_one_cm":13623,"minecraft:total_world_time":52169,"minecraft:fall_one_cm":24978},"minecraft:broken":{"minecraft:stone_pickaxe":1},"minecraft:dropped":{"minecraft:wheat_seeds":5,"minecraft:feather":2,"minecraft:gunpowder":2,"minecraft:torch":1,"luminousworld:groundpebbles_1":2,"minecraft:oak_sapling":1,"minecraft:bow":1},"minecraft:used":{"minecraft:cooked_mutton":1,"minecraft:water_bucket":4,"minecraft:diorite":44,"minecraft:stone_pickaxe":134,"minecraft:wooden_pickaxe":39,"luminousworld:groundpebbles_1":8,"minecraft:cooked_chicken":2,"minecraft:torch":17,"minecraft:dirt":6,"minecraft:crafting_table":4,"minecraft:dripstone_block":1,"minecraft:granite":1,"minecraft:apple":1,"minecraft:bread":8,"tombstone:magic_scroll":6,"minecraft:smooth_basalt":1,"minecraft:stone_axe":101,"minecraft:cobblestone":11,"minecraft:cooked_porkchop":2,"minecraft:furnace":3,"minecraft:bucket":5,"minecraft:andesite":9,"tombstone:gift":2,"alexsmobs:animal_dictionary":1,"minecraft:cobbled_deepslate":3,"minecraft:acacia_planks":1,"minecraft:pointed_dripstone":8},"minecraft:killed":{"minecraft:pig":3,"born_in_chaos_v1:skeleton_demoman":1,"enemyexpansion:direwolf":1,"creeperoverhaul:dripstone_creeper":1,"minecraft:sheep":1,"minecraft:skeleton":2,"luminousworld:ringlet":2,"luminousworld:savannah_skeleton":1,"minecraft:zombie":2,"minecraft:chicken":2,"creeperoverhaul:savannah_creeper":1,"alexsmobs:kangaroo":2,"luminousworld:savannah_zombie":1},"minecraft:killed_by":{"minecraft:skeleton":1},"minecraft:mined":{"luminousworld:groundpebbles_1":9,"minecraft:white_bed":1,"luminousworld:tall_deadbush":2,"minecraft:medium_amethyst_bud":1,"luminousworld:savannah_grass_1":1,"minecraft:crafting_table":4,"minecraft:torch":10,"minecraft:granite":1,"minecraft:acacia_log":3,"minecraft:grass_block":4,"minecraft:tall_grass":1,"minecraft:cobblestone":13,"minecraft:diorite":41,"minecraft:wall_torch":8,"minecraft:amethyst_block":21,"minecraft:furnace":3,"minecraft:iron_ore":49,"minecraft:andesite":5,"minecraft:grass":28,"minecraft:pointed_dripstone":1,"minecraft:oak_log":11,"minecraft:deepslate_iron_ore":6,"minecraft:small_amethyst_bud":2,"minecraft:gravel":1,"minecraft:dripstone_block":1,"minecraft:dirt":5,"minecraft:smooth_basalt":1,"luminousworld:groundpebbles_2":1,"minecraft:stone":17,"minecraft:deepslate":3},"minecraft:crafted":{"minecraft:oak_planks":44,"minecraft:cooked_porkchop":2,"minecraft:crafting_table":1,"minecraft:wooden_pickaxe":1,"minecraft:cooked_chicken":2,"minecraft:furnace":1,"minecraft:bucket":1,"minecraft:stone_axe":1,"minecraft:cooked_mutton":2,"minecraft:air":0,"minecraft:stick":8,"minecraft:iron_ingot":5,"minecraft:stone_pickaxe":2,"minecraft:acacia_planks":12}},"DataVersion":3465}