{"stats":{"minecraft:picked_up":{"luminousworld:groundpebbles_1":16,"minecraft:charcoal":4,"minecraft:crafting_table":8,"minecraft:allium":2,"minecraft:chicken":2,"minecraft:clay_ball":3,"minecraft:potion":2,"minecraft:enchanted_book":1,"minecraft:amethyst_block":20,"minecraft:string":23,"minecraft:raw_copper":8,"minecraft:iron_leggings":1,"minecraft:zombie_head":1,"minecraft:cyan_carpet":17,"iceandfire:bestiary":1,"quark:spruce_chest":1,"minecraft:cobbled_deepslate":3,"minecraft:bucket":1,"minecraft:spruce_planks":1,"minecraft:calcite":4,"minecraft:poppy":2,"minecraft:melon_slice":29,"minecraft:spruce_trapdoor":1,"minecraft:smooth_quartz_stairs":3,"minecraft:furnace":5,"minecraft:egg":1,"minecraft:raw_iron":89,"minecraft:stick":2,"minecraft:acacia_fence":5,"minecraft:torch":26,"minecraft:acacia_log":13,"minecraft:spruce_stairs":1,"minecraft:porkchop":6,"minecraft:stone_button":1,"minecraft:pointed_dripstone":8,"tombstone:grave_dust":2,"minecraft:diorite":44,"born_in_chaos_v1:pieceofdarkmetal":2,"luminousworld:white_oak_sapling":1,"minecraft:rotten_flesh":4,"minecraft:carved_pumpkin":2,"minecraft:glistering_melon_slice":2,"minecraft:gold_ingot":3,"luminousworld:tall_deadbush":3,"minecraft:obsidian":5,"minecraft:mutton":15,"alexsmobs:kangaroo_meat":2,"minecraft:white_wool":4,"minecraft:cobblestone":40,"minecraft:feather":2,"minecraft:tripwire_hook":1,"minecraft:water_bucket":1,"minecraft:andesite":9,"minecraft:leather":1,"minecraft:mushroom_stew":1,"minecraft:flint":1,"minecraft:oak_log":11,"minecraft:gunpowder":3,"minecraft:lantern":3,"minecraft:dirt":12,"tombstone:gift":2,"minecraft:leather_boots":1,"minecraft:bone":14,"minecraft:apple":3,"minecraft:gray_carpet":12,"minecraft:bow":1,"minecraft:wheat_seeds":6,"minecraft:iron_ingot":13,"luminousworld:elephant_grass":1,"iceandfire:dragon_meal":3,"luminousworld:white_petunias":1,"minecraft:honeycomb":3,"minecraft:acacia_sapling":1,"minecraft:oak_planks":1,"minecraft:book":1,"minecraft:smooth_basalt":1,"minecraft:dandelion":2,"minecraft:dripstone_block":1,"minecraft:white_bed":4,"minecraft:spruce_log":2,"minecraft:acacia_stairs":1,"minecraft:red_terracotta":2,"minecraft:barrel":1,"minecraft:mossy_cobblestone":2,"minecraft:bundle":1,"minecraft:iron_hoe":1,"alexsmobs:kangaroo_hide":1,"minecraft:diamond":1,"minecraft:stone_axe":1,"minecraft:soul_lantern":1,"minecraft:granite":1,"minecraft:emerald":1,"minecraft:bread":8,"tombstone:magic_scroll":1,"minecraft:oak_sapling":1,"minecraft:coal":9},"minecraft:custom":{"minecraft:mob_kills":39,"minecraft:interact_with_crafting_table":20,"minecraft:open_barrel":10,"minecraft:eat_cake_slice":6,"minecraft:time_since_death":1703,"minecraft:climb_one_cm":1094,"minecraft:sprint_one_cm":316634,"minecraft:walk_one_cm":263557,"minecraft:damage_blocked_by_shield":1000,"minecraft:drop":60,"minecraft:talked_to_villager":4,"minecraft:play_time":124169,"minecraft:deaths":14,"minecraft:sneak_time":1638,"minecraft:walk_under_water_one_cm":32170,"minecraft:jump":2436,"minecraft:interact_with_blast_furnace":1,"minecraft:walk_on_water_one_cm":41636,"minecraft:total_world_time":124169,"minecraft:interact_with_furnace":34,"minecraft:interact_with_cartography_table":1,"minecraft:sleep_in_bed":6,"minecraft:time_since_rest":91,"minecraft:damage_taken":5119,"minecraft:damage_dealt":7406,"minecraft:swim_one_cm":18769,"minecraft:fly_one_cm":466366,"minecraft:open_chest":26,"minecraft:crouch_one_cm":1975,"tombstone:undead_killed":15,"minecraft:fall_one_cm":54925},"minecraft:broken":{"minecraft:stone_pickaxe":1,"minecraft:shield":1,"minecraft:leather_boots":1,"minecraft:stone_axe":2},"minecraft:used":{"minecraft:carved_pumpkin":1,"minecraft:shield":34,"minecraft:spruce_planks":1,"minecraft:cooked_chicken":2,"minecraft:torch":25,"minecraft:dirt":9,"alexsmobs:cooked_kangaroo_meat":1,"minecraft:granite":1,"quark:spruce_chest":1,"minecraft:smooth_basalt":1,"minecraft:furnace":5,"tombstone:gift":6,"minecraft:egg":1,"minecraft:acacia_planks":1,"minecraft:cobbled_deepslate":3,"minecraft:pointed_dripstone":8,"minecraft:cooked_mutton":2,"minecraft:water_bucket":82,"minecraft:diorite":44,"minecraft:stone_pickaxe":160,"minecraft:oak_planks":26,"minecraft:wooden_pickaxe":39,"luminousworld:groundpebbles_1":8,"minecraft:crafting_table":9,"quark:acacia_chest":1,"minecraft:white_bed":4,"minecraft:dripstone_block":1,"minecraft:acacia_stairs":1,"minecraft:apple":1,"minecraft:melon_slice":4,"minecraft:bread":13,"tombstone:magic_scroll":6,"minecraft:stone_axe":238,"minecraft:potion":1,"minecraft:cobblestone":11,"minecraft:cooked_porkchop":4,"minecraft:andesite":9,"minecraft:bucket":83,"alexsmobs:animal_dictionary":1},"minecraft:dropped":{"minecraft:wheat_seeds":6,"luminousworld:white_oak_sapling":1,"minecraft:glass_bottle":1,"luminousworld:white_petunias":1,"minecraft:feather":2,"minecraft:cobblestone":1,"minecraft:book":1,"minecraft:stick":3,"minecraft:dirt":3,"minecraft:stone_button":1,"minecraft:torch":2,"minecraft:zombie_head":1,"minecraft:glistering_melon_slice":3,"minecraft:string":23,"minecraft:white_wool":1,"minecraft:bone":8,"minecraft:stone_axe":1,"alexsmobs:animal_dictionary":1,"minecraft:raw_copper":8,"minecraft:obsidian":5,"minecraft:soul_lantern":1,"minecraft:rotten_flesh":1,"minecraft:clay_ball":3,"luminousworld:tall_deadbush":1,"minecraft:red_terracotta":1,"alexsmobs:kangaroo_hide":1,"minecraft:poppy":2,"minecraft:gunpowder":3,"minecraft:allium":2,"minecraft:bundle":1,"minecraft:charcoal":4,"luminousworld:groundpebbles_1":8,"minecraft:acacia_sapling":1,"minecraft:oak_sapling":1,"iceandfire:bestiary":1,"iceandfire:dragon_meal":4,"luminousworld:elephant_grass":1,"minecraft:bow":1,"minecraft:calcite":4,"iceandfire:manuscript":14},"minecraft:killed":{"minecraft:cave_spider":6,"born_in_chaos_v1:skeleton_demoman":1,"minecraft:spider":1,"enemyexpansion:direwolf":1,"born_in_chaos_v1:zombie_bruiser":1,"creeperoverhaul:dripstone_creeper":1,"minecraft:skeleton":4,"luminousworld:ringlet":2,"takesapillage:clay_golem":1,"minecraft:chicken":2,"luminousworld:savannah_zombie":4,"alexsmobs:kangaroo":2,"minecraft:pig":4,"undead_revamp2:the_moonflower":1,"alexsmobs:emu":1,"minecraft:sheep":1,"luminousworld:savannah_skeleton":2,"minecraft:zombie":2,"alexsmobs:gazelle":1,"creeperoverhaul:savannah_creeper":1},"minecraft:killed_by":{"minecraft:husk":5,"undead_revamp2:the_moonflower":1,"minecraft:cave_spider":1,"minecraft:skeleton":3,"iceandfire:lightning_dragon":2},"minecraft:mined":{"luminousworld:groundpebbles_1":9,"minecraft:white_bed":5,"minecraft:mossy_cobblestone":2,"minecraft:carved_pumpkin":2,"minecraft:spruce_trapdoor":1,"minecraft:granite":1,"minecraft:acacia_log":13,"minecraft:grass_block":4,"luminousworld:savanna_grass_2":1,"minecraft:spawner":2,"minecraft:furnace":5,"luminousworld:yellow_grassflowers":1,"minecraft:barrel":1,"minecraft:iron_ore":49,"minecraft:andesite":5,"minecraft:pointed_dripstone":1,"minecraft:deepslate_iron_ore":6,"minecraft:small_amethyst_bud":2,"minecraft:smooth_quartz_stairs":3,"luminousworld:groundpebbles_2":1,"minecraft:stone":25,"minecraft:white_wool":1,"minecraft:acacia_leaves":1,"minecraft:glass_pane":2,"luminousworld:tall_deadbush":3,"minecraft:medium_amethyst_bud":1,"minecraft:crafting_table":8,"minecraft:torch":11,"luminousworld:savannah_grass_1":3,"minecraft:calcite":4,"minecraft:melon":6,"minecraft:campfire":2,"minecraft:cobblestone":14,"minecraft:tall_grass":2,"minecraft:oak_planks":1,"minecraft:diorite":41,"minecraft:wall_torch":11,"minecraft:amethyst_block":21,"minecraft:spruce_stairs":1,"minecraft:spruce_log":2,"minecraft:grass":32,"minecraft:oak_log":12,"minecraft:coal_ore":2,"quark:spruce_chest":1,"minecraft:cyan_carpet":1,"minecraft:gravel":1,"minecraft:dripstone_block":1,"minecraft:dirt":6,"minecraft:smooth_basalt":1,"minecraft:tripwire_hook":1,"minecraft:acacia_planks":2,"minecraft:stone_bricks":1,"luminousworld:elephant_grass":2,"minecraft:oak_leaves":3,"minecraft:deepslate":3},"minecraft:crafted":{"minecraft:oak_planks":44,"minecraft:cooked_chicken":2,"minecraft:furnace":1,"minecraft:cooked_mutton":2,"quark:acacia_chest":1,"minecraft:stone_pickaxe":2,"quark:spruce_chest":1,"minecraft:cooked_porkchop":4,"minecraft:crafting_table":1,"minecraft:spruce_planks":8,"iceandfire:dragon_meal":1,"minecraft:wooden_pickaxe":1,"alexsmobs:cooked_kangaroo_meat":1,"minecraft:bucket":1,"minecraft:stone_axe":3,"minecraft:air":0,"minecraft:shield":1,"minecraft:stick":16,"minecraft:iron_ingot":5,"minecraft:acacia_planks":24,"minecraft:torch":8}},"DataVersion":3465}