{"stats":{"minecraft:picked_up":{"minecraft:crafting_table":2,"minecraft:andesite":9,"minecraft:flint":1,"minecraft:oak_log":11,"minecraft:gunpowder":3,"minecraft:amethyst_block":20,"minecraft:dirt":5,"minecraft:leather_boots":1,"minecraft:bone":4,"minecraft:apple":1,"minecraft:bow":1,"minecraft:wheat_seeds":1,"minecraft:cobbled_deepslate":3,"minecraft:stick":1,"minecraft:raw_iron":52,"minecraft:smooth_basalt":1,"minecraft:torch":12,"minecraft:acacia_log":3,"minecraft:dripstone_block":1,"minecraft:pointed_dripstone":8,"minecraft:diorite":43,"minecraft:granite":1,"minecraft:bread":8,"minecraft:oak_sapling":1,"tombstone:magic_scroll":1,"minecraft:coal":1,"minecraft:cobblestone":17},"minecraft:custom":{"minecraft:mob_kills":7,"minecraft:interact_with_crafting_table":4,"minecraft:time_since_death":4734,"minecraft:time_since_rest":4497,"minecraft:sprint_one_cm":58764,"minecraft:damage_taken":1189,"minecraft:walk_one_cm":50441,"minecraft:drop":4,"minecraft:damage_dealt":1252,"minecraft:swim_one_cm":246,"minecraft:fly_one_cm":66367,"minecraft:crouch_one_cm":848,"minecraft:play_time":28169,"tombstone:undead_killed":5,"minecraft:deaths":3,"minecraft:sneak_time":694,"minecraft:walk_under_water_one_cm":271,"minecraft:jump":580,"minecraft:walk_on_water_one_cm":12372,"minecraft:total_world_time":28169,"minecraft:fall_one_cm":17396},"minecraft:broken":{"minecraft:stone_pickaxe":1},"minecraft:dropped":{"minecraft:gunpowder":2,"minecraft:torch":1,"minecraft:bow":1},"minecraft:used":{"minecraft:diorite":40,"minecraft:stone_pickaxe":131,"minecraft:wooden_pickaxe":24,"minecraft:torch":10,"minecraft:dirt":5,"minecraft:crafting_table":2,"minecraft:dripstone_block":1,"minecraft:granite":1,"minecraft:apple":1,"minecraft:bread":8,"tombstone:magic_scroll":6,"minecraft:stone_axe":44,"minecraft:andesite":9,"tombstone:gift":2,"alexsmobs:animal_dictionary":1,"minecraft:cobbled_deepslate":3,"minecraft:acacia_planks":1,"minecraft:pointed_dripstone":8},"minecraft:killed":{"born_in_chaos_v1:skeleton_demoman":1,"enemyexpansion:direwolf":1,"creeperoverhaul:dripstone_creeper":1,"minecraft:skeleton":2,"minecraft:zombie":2},"minecraft:killed_by":{"minecraft:skeleton":1},"minecraft:mined":{"minecraft:medium_amethyst_bud":1,"minecraft:crafting_table":2,"minecraft:torch":7,"minecraft:granite":1,"minecraft:acacia_log":3,"minecraft:grass_block":2,"minecraft:tall_grass":1,"minecraft:cobblestone":2,"minecraft:diorite":40,"minecraft:wall_torch":4,"minecraft:amethyst_block":21,"minecraft:iron_ore":49,"minecraft:andesite":5,"minecraft:grass":4,"minecraft:pointed_dripstone":1,"minecraft:oak_log":11,"minecraft:deepslate_iron_ore":6,"minecraft:small_amethyst_bud":2,"minecraft:gravel":1,"minecraft:dripstone_block":1,"minecraft:dirt":3,"minecraft:smooth_basalt":1,"minecraft:stone":17,"minecraft:deepslate":3},"minecraft:crafted":{"minecraft:oak_planks":44,"minecraft:crafting_table":1,"minecraft:wooden_pickaxe":1,"minecraft:stone_axe":1,"minecraft:stick":8,"minecraft:stone_pickaxe":1,"minecraft:acacia_planks":12}},"DataVersion":3465}