{"stats":{"minecraft:picked_up":{"minecraft:crafting_table":1,"minecraft:wheat_seeds":1,"minecraft:acacia_log":3,"minecraft:oak_log":5,"minecraft:bread":8,"minecraft:dirt":4,"minecraft:cobblestone":10},"minecraft:custom":{"minecraft:time_since_rest":2747,"minecraft:play_time":4169,"minecraft:sprint_one_cm":6613,"minecraft:walk_one_cm":7127,"minecraft:damage_taken":260,"minecraft:deaths":1,"minecraft:jump":62,"minecraft:damage_dealt":34,"minecraft:time_since_death":3182,"minecraft:total_world_time":4169,"minecraft:interact_with_crafting_table":3,"minecraft:fall_one_cm":803,"minecraft:fly_one_cm":11288},"minecraft:used":{"minecraft:stone_axe":6,"minecraft:dirt":3,"minecraft:crafting_table":1,"alexsmobs:animal_dictionary":1,"minecraft:wooden_pickaxe":14},"minecraft:killed_by":{"minecraft:skeleton":1},"minecraft:mined":{"minecraft:oak_log":5,"minecraft:grass":4,"minecraft:acacia_log":3,"minecraft:grass_block":2,"minecraft:dirt":2,"minecraft:tall_grass":1,"minecraft:stone":10,"minecraft:crafting_table":1},"minecraft:crafted":{"minecraft:acacia_planks":12,"minecraft:stone_axe":1,"minecraft:crafting_table":1,"minecraft:stick":8,"minecraft:stone_pickaxe":1,"minecraft:wooden_pickaxe":1}},"DataVersion":3465}