{"stats":{"minecraft:dropped":{"aether:leather_gloves":1},"minecraft:killed":{"minecraft:sheep":1,"minecraft:chicken":1},"minecraft:crafted":{"minecraft:oak_planks":28,"minecraft:crafting_table":2,"minecraft:stick":8,"minecraft:wooden_pickaxe":1,"minecraft:stone_pickaxe":1,"minecraft:stone_axe":1,"minecraft:bread":6,"minecraft:wheat":18},"minecraft:custom":{"minecraft:time_since_rest":10100,"minecraft:sprint_one_cm":36425,"minecraft:damage_taken":920,"minecraft:walk_one_cm":43204,"minecraft:mob_kills":2,"minecraft:drop":1,"minecraft:damage_dealt":210,"minecraft:interact_with_crafting_table":4,"minecraft:talked_to_villager":1,"minecraft:fly_one_cm":78765,"minecraft:open_chest":1,"minecraft:crouch_one_cm":32,"minecraft:play_time":28748,"minecraft:deaths":2,"minecraft:sneak_time":173,"minecraft:jump":444,"minecraft:leave_game":3,"minecraft:time_since_death":10603,"minecraft:sleep_in_bed":1,"minecraft:total_world_time":28748,"minecraft:fall_one_cm":12716},"minecraft:mined":{"minecraft:hay_block":31,"minecraft:crafting_table":1,"minecraft:grass":5,"minecraft:oak_log":7,"minecraft:coal_ore":15,"minecraft:stone":13,"minecraft:sugar_cane":6},"minecraft:killed_by":{"minecraft:creeper":1},"minecraft:used":{"minecraft:bread":6,"minecraft:stone_pickaxe":21,"minecraft:wooden_pickaxe":7,"minecraft:sugar_cane":2,"minecraft:stone_axe":3,"minecraft:crafting_table":2,"alexsmobs:animal_dictionary":3},"minecraft:picked_up":{"minecraft:crafting_table":1,"minecraft:feather":1,"minecraft:oak_log":7,"aether:leather_gloves":1,"minecraft:bone":3,"minecraft:rotten_flesh":7,"minecraft:slime_ball":5,"minecraft:wheat_seeds":2,"minecraft:hay_block":31,"minecraft:sugar_cane":8,"minecraft:mutton":1,"minecraft:coal":15,"minecraft:white_wool":1,"minecraft:cobblestone":12,"minecraft:egg":1}},"DataVersion":3465}