{"stats":{"minecraft:killed":{"minecraft:cave_spider":5,"minecraft:spider":1,"minecraft:skeleton":4,"minecraft:chicken":1,"luminousworld:charaxes":1,"alexsmobs:kangaroo":1,"minecraft:pig":8,"born_in_chaos_v1:diamond_termite":1,"minecraft:sheep":1,"luminousworld:savannah_skeleton":3,"minecraft:zombie":2,"born_in_chaos_v1:dread_hound":3,"born_in_chaos_v1:corpse_fly":1,"alexsmobs:fly":1,"enemyexpansion:direwolf":2,"born_in_chaos_v1:maggot":2,"undead_revamp2:the_moonflower":1,"born_in_chaos_v1:decrepit_skeleton":1,"alexsmobs:catfish":2,"undead_revamp2:thesomnolence":3,"alexsmobs:elephant":1},"minecraft:dropped":{"minecraft:item_frame":2,"minecraft:dirt":10,"minecraft:stone_button":1,"minecraft:cornflower":1,"minecraft:bone":7,"minecraft:oak_door":1,"minecraft:stone_axe":1,"minecraft:sugar_cane":12,"alexsmobs:gazelle_horn":1,"minecraft:cobbled_deepslate":1,"minecraft:pointed_dripstone":3,"minecraft:rotten_flesh":10,"minecraft:oak_planks":1,"aether:leather_gloves":1,"minecraft:white_bed":1,"supplementaries:ash":1,"born_in_chaos_v1:corpse_maggot":1,"minecraft:leather_boots":2,"iceandfire:bestiary":1,"minecraft:acacia_fence":2,"minecraft:egg":1,"minecraft:iron_ingot":10,"minecraft:bread":10,"minecraft:wheat_seeds":3,"minecraft:feather":1,"minecraft:acacia_log":2,"minecraft:coal":20,"iceandfire:silver_sword":1,"minecraft:zombie_head":1,"minecraft:iron_axe":1,"minecraft:iron_shovel":2,"minecraft:bucket":1,"minecraft:dandelion":1,"minecraft:furnace":1,"alexsmobs:maggot":2,"minecraft:raw_copper":8,"minecraft:raw_iron":19,"minecraft:oak_sapling":1,"minecraft:stone_pickaxe":1,"minecraft:wooden_pickaxe":1,"minecraft:calcite":1,"minecraft:cyan_bed":1},"minecraft:custom":{"minecraft:interact_with_crafting_table":52,"minecraft:open_barrel":6,"minecraft:bell_ring":38,"minecraft:leave_game":8,"minecraft:time_since_death":115783,"minecraft:sprint_one_cm":519062,"minecraft:drop":99,"minecraft:talked_to_villager":41,"minecraft:play_time":321078,"minecraft:deaths":12,"minecraft:jump":4406,"minecraft:walk_on_water_one_cm":66806,"minecraft:interact_with_furnace":53,"minecraft:sleep_in_bed":18,"minecraft:damage_dealt":9362,"minecraft:player_kills":1,"minecraft:crouch_one_cm":2199,"tombstone:undead_killed":11,"minecraft:interact_with_smoker":5,"minecraft:mob_kills":49,"minecraft:climb_one_cm":15851,"minecraft:walk_one_cm":827249,"minecraft:sneak_time":3736,"minecraft:walk_under_water_one_cm":59627,"minecraft:total_world_time":321078,"minecraft:time_since_rest":9920,"minecraft:damage_taken":8171,"minecraft:swim_one_cm":92113,"minecraft:fly_one_cm":714872,"minecraft:open_chest":116,"minecraft:fall_one_cm":151577},"minecraft:used":{"minecraft:light_blue_banner":1,"minecraft:writable_book":1,"minecraft:iron_shovel":253,"minecraft:iron_sword":255,"minecraft:bell":1,"luminousworld:savannah_ground":1,"minecraft:furnace":3,"minecraft:acacia_fence":47,"minecraft:egg":2,"minecraft:golden_boots":1,"minecraft:diorite":45,"minecraft:stone_pickaxe":244,"minecraft:oak_planks":19,"minecraft:leather_chestplate":1,"minecraft:wooden_pickaxe":7,"minecraft:sugar_cane":2,"minecraft:yellow_terracotta":2,"minecraft:blast_furnace":6,"minecraft:black_banner":1,"minecraft:dripstone_block":2,"minecraft:cyan_bed":10,"minecraft:bread":104,"minecraft:lectern":1,"minecraft:andesite":3,"minecraft:experience_bottle":3,"minecraft:cobweb":12,"minecraft:acacia_log":1,"iceandfire:silver_sword":42,"minecraft:oak_door":7,"minecraft:orange_bed":3,"minecraft:torch":170,"minecraft:dirt":2,"minecraft:oak_fence_gate":1,"minecraft:iron_axe":229,"minecraft:smooth_basalt":1,"luminousworld:baobabfence":12,"luminousworld:savannah_soil":63,"tombstone:gift":4,"minecraft:acacia_planks":9,"minecraft:wheat_seeds":91,"minecraft:water_bucket":31,"minecraft:lead":1,"luminousworld:ishstone":1,"minecraft:fletching_table":1,"minecraft:crafting_table":12,"minecraft:white_bed":6,"minecraft:painting":11,"minecraft:acacia_stairs":1,"minecraft:iron_pickaxe":110,"iceandfire:ash":24,"minecraft:stone_axe":157,"minecraft:cobblestone":67,"minecraft:cooked_porkchop":3,"minecraft:red_banner":1,"minecraft:bucket":32,"minecraft:yellow_bed":6,"quark:oak_chest":4,"alexsmobs:animal_dictionary":3},"minecraft:killed_by":{"minecraft:creeper":1,"alexsmobs:elephant":3,"minecraft:cave_spider":1,"minecraft:husk":3,"minecraft:skeleton":1,"iceandfire:lightning_dragon":2},"minecraft:picked_up":{"minecraft:wheat":93,"minecraft:flower_pot":1,"minecraft:enchanted_book":2,"minecraft:amethyst_block":4,"iceandfire:manuscript":53,"alexsmobs:gazelle_horn":1,"minecraft:string":41,"minecraft:raw_copper":15,"minecraft:zombie_head":1,"minecraft:experience_bottle":4,"minecraft:oak_sign":1,"minecraft:tnt_minecart":2,"minecraft:cobbled_deepslate":1,"minecraft:bucket":1,"minecraft:acacia_fence_gate":1,"minecraft:calcite":7,"minecraft:iron_pickaxe":2,"minecraft:furnace":3,"minecraft:stick":9,"minecraft:acacia_fence":6,"minecraft:jukebox":1,"minecraft:torch":27,"minecraft:acacia_log":49,"luminousworld:savannah_soil":424,"minecraft:porkchop":18,"minecraft:pointed_dripstone":14,"minecraft:diorite":45,"minecraft:orange_bed":3,"minecraft:rotten_flesh":19,"quark:violet_corundum_cluster":1,"luminousworld:tall_deadbush":1,"supplementaries:ash":2,"minecraft:cobblestone":113,"luminousworld:savannah_ground":16,"minecraft:feather":1,"minecraft:water_bucket":2,"minecraft:andesite":3,"minecraft:golden_leggings":1,"minecraft:dirt":18,"born_in_chaos_v1:monster_skin":2,"minecraft:bone":16,"minecraft:acacia_planks":7,"minecraft:bow":1,"minecraft:wheat_seeds":251,"minecraft:bell":2,"luminousworld:elephant_grass":5,"minecraft:dark_oak_sign":9,"minecraft:fletching_table":1,"minecraft:bamboo":1,"minecraft:cooked_porkchop":2,"minecraft:acacia_stairs":3,"minecraft:cyan_bed":11,"minecraft:lily_of_the_valley":1,"minecraft:writable_book":1,"minecraft:bread":2,"minecraft:emerald":2,"alexsmobs:maggot":2,"minecraft:oak_sapling":1,"luminousworld:bao_bob_log":63,"iceandfire:raw_silver":4,"born_in_chaos_v1:diamond_termite_shard":3,"iceandfire:dragon_skull_lightning":1,"luminousworld:groundpebbles_1":2,"minecraft:crafting_table":9,"luminousworld:bao_bob_wood":6,"aether:leather_gloves":2,"minecraft:cornflower":1,"minecraft:iron_axe":1,"minecraft:acacia_door":1,"minecraft:white_carpet":1,"minecraft:item_frame":6,"minecraft:iron_shovel":2,"minecraft:cyan_carpet":2,"minecraft:blue_orchid":1,"iceandfire:bestiary":1,"born_in_chaos_v1:gnawed_bones":1,"minecraft:lectern":1,"minecraft:sugar_cane":38,"minecraft:egg":3,"minecraft:raw_iron":55,"iceandfire:dragonbone":13,"quark:violet_corundum":1,"minecraft:oak_door":5,"minecraft:cookie":5,"minecraft:stone_button":1,"born_in_chaos_v1:pieceofdarkmetal":4,"minecraft:arrow":5,"minecraft:hay_block":48,"minecraft:yellow_terracotta":2,"mowziesmobs:umvuthana_mask_bliss":1,"minecraft:black_banner":1,"minecraft:gold_ingot":2,"minecraft:mutton":2,"alexsmobs:kangaroo_meat":2,"minecraft:white_wool":16,"minecraft:stripped_oak_log":1,"born_in_chaos_v1:corpse_maggot":2,"born_in_chaos_v1:monster_flesh":2,"luminousworld:ishstone":1,"alexsmobs:acacia_blossom":1,"minecraft:oak_log":23,"minecraft:yellow_bed":6,"luminousworld:baobabfence":12,"minecraft:light_blue_banner":1,"minecraft:gray_carpet":4,"minecraft:iron_ingot":5,"minecraft:glass_bottle":1,"minecraft:acacia_sapling":2,"minecraft:iron_sword":2,"minecraft:book":9,"minecraft:smooth_basalt":1,"quark:red_corundum_cluster":15,"iceandfire:ash":27,"minecraft:dandelion":1,"minecraft:dripstone_block":2,"minecraft:amethyst_shard":12,"minecraft:red_banner":1,"minecraft:blast_furnace":7,"minecraft:white_bed":5,"quark:oak_chest":2,"minecraft:spider_eye":2,"minecraft:slime_ball":8,"iceandfire:silver_sword":1,"minecraft:chainmail_leggings":1,"minecraft:painting":2,"tombstone:magic_scroll":1,"minecraft:brown_banner":1,"minecraft:coal":33},"minecraft:mined":{"minecraft:dark_oak_planks":1,"minecraft:spruce_planks":1,"minecraft:white_bed":3,"minecraft:acacia_log":47,"luminousworld:bao_bob_wood":7,"minecraft:grass_block":3,"minecraft:oak_wall_sign":1,"luminousworld:savanna_grass_2":4,"minecraft:spawner":2,"minecraft:iron_ore":34,"minecraft:fletching_table":1,"minecraft:pointed_dripstone":9,"minecraft:blue_orchid":1,"quark:red_corundum_cluster":17,"minecraft:orange_bed":3,"quark:violet_corundum":1,"luminousworld:tall_deadbush":3,"minecraft:medium_amethyst_bud":1,"minecraft:amethyst_cluster":3,"minecraft:torch":4,"minecraft:blast_furnace":7,"minecraft:calcite":7,"minecraft:cobblestone":16,"minecraft:cyan_bed":11,"minecraft:sugar_cane":18,"minecraft:wall_torch":9,"minecraft:amethyst_block":4,"minecraft:stone_stairs":1,"minecraft:wheat":91,"minecraft:jukebox":1,"luminousworld:bao_bob_log":73,"minecraft:grass":20,"minecraft:oak_log":22,"minecraft:acacia_fence":3,"minecraft:dirt":10,"minecraft:smooth_basalt":1,"luminousworld:savannah_grass_4":5,"minecraft:oak_leaves":7,"minecraft:deepslate":1,"luminousworld:savannah_ground":18,"iceandfire:silver_ore":4,"minecraft:oak_door":4,"born_in_chaos_v1:infected_diamond_ore":2,"minecraft:allium":1,"luminousworld:whiteoakleaves":1,"minecraft:potted_bamboo":1,"minecraft:hay_block":48,"minecraft:light_blue_wall_banner":1,"minecraft:furnace":2,"minecraft:acacia_wood":1,"placeablesmod:water_bucket_block":1,"minecraft:acacia_stairs":3,"minecraft:andesite":3,"minecraft:bell":2,"minecraft:bookshelf":3,"minecraft:deepslate_iron_ore":14,"minecraft:stripped_oak_log":1,"minecraft:stone":100,"minecraft:white_tulip":1,"minecraft:white_wool":2,"luminousworld:savannah_soil":237,"minecraft:acacia_leaves":7,"minecraft:glass_pane":2,"quark:oak_chest":2,"minecraft:lily_of_the_valley":1,"minecraft:stone_brick_slab":1,"minecraft:red_banner":1,"minecraft:dandelion":1,"minecraft:crafting_table":9,"minecraft:cornflower":1,"luminousworld:savannah_grass_1":4,"minecraft:lectern":1,"minecraft:copper_ore":3,"luminousworld:baobabfence":12,"minecraft:diorite":57,"supplementaries:urn":1,"minecraft:red_terracotta":2,"minecraft:black_wall_banner":1,"minecraft:birch_leaves":4,"iceandfire:ash":7,"minecraft:yellow_bed":6,"minecraft:coal_ore":33,"luminousworld:ishstone":1,"minecraft:dripstone_block":3,"minecraft:gray_carpet":1,"minecraft:cobweb":20,"minecraft:acacia_planks":4,"luminousworld:elephant_grass":2},"minecraft:broken":{"minecraft:iron_shovel":1,"minecraft:golden_boots":1,"minecraft:leather_leggings":1,"minecraft:stone_pickaxe":1,"minecraft:stone_axe":1,"mowziesmobs:umvuthana_mask_bliss":1,"minecraft:leather_chestplate":1,"aether:leather_gloves":1},"minecraft:crafted":{"minecraft:oak_planks":96,"aether:iron_ring":2,"minecraft:acacia_fence":48,"minecraft:cooked_porkchop":20,"minecraft:crafting_table":3,"minecraft:wooden_pickaxe":1,"minecraft:iron_helmet":1,"minecraft:iron_chestplate":1,"minecraft:stick":144,"quark:oak_chest":2,"minecraft:iron_ingot":82,"aether:white_cape":1,"iceandfire:silver_sword":1,"minecraft:shears":1,"minecraft:oak_door":3,"minecraft:furnace":2,"minecraft:iron_axe":1,"minecraft:stone_pickaxe":2,"luminousworld:baobabfence":48,"minecraft:lead":2,"aether:iron_pendant":1,"minecraft:wheat":414,"iceandfire:silver_ingot":2,"minecraft:bucket":2,"minecraft:stone_axe":2,"minecraft:bread":149,"minecraft:air":0,"aether:iron_gloves":1,"minecraft:oak_fence_gate":1,"minecraft:iron_shovel":2,"minecraft:iron_leggings":1,"minecraft:white_bed":2,"minecraft:acacia_planks":108,"minecraft:torch":116,"luminousworld:baobab_plank":64}},"DataVersion":3465}