{"stats":{"minecraft:picked_up":{"minecraft:stripped_oak_log":1,"born_in_chaos_v1:corpse_maggot":1,"minecraft:crafting_table":4,"minecraft:feather":1,"born_in_chaos_v1:monster_flesh":2,"minecraft:andesite":3,"minecraft:oak_log":22,"minecraft:amethyst_block":4,"aether:leather_gloves":1,"minecraft:cornflower":1,"born_in_chaos_v1:monster_skin":2,"minecraft:bone":4,"minecraft:wheat_seeds":2,"minecraft:cobbled_deepslate":1,"minecraft:calcite":1,"born_in_chaos_v1:gnawed_bones":1,"minecraft:sugar_cane":8,"minecraft:egg":1,"minecraft:stick":1,"minecraft:raw_iron":45,"minecraft:smooth_basalt":1,"minecraft:oak_door":5,"minecraft:acacia_log":2,"minecraft:torch":16,"minecraft:dandelion":1,"minecraft:porkchop":14,"minecraft:amethyst_shard":12,"minecraft:cookie":5,"minecraft:pointed_dripstone":3,"minecraft:diorite":45,"minecraft:arrow":2,"minecraft:rotten_flesh":7,"minecraft:slime_ball":5,"minecraft:hay_block":31,"alexsmobs:maggot":2,"tombstone:magic_scroll":1,"minecraft:oak_sapling":1,"minecraft:cobblestone":82,"minecraft:mutton":1,"minecraft:coal":32,"minecraft:white_wool":1},"minecraft:custom":{"minecraft:mob_kills":19,"minecraft:interact_with_crafting_table":9,"minecraft:leave_game":4,"minecraft:time_since_death":59525,"minecraft:sleep_in_bed":2,"minecraft:time_since_rest":48659,"minecraft:sprint_one_cm":86448,"minecraft:damage_taken":1950,"minecraft:walk_one_cm":144292,"minecraft:drop":18,"minecraft:damage_dealt":2557,"minecraft:swim_one_cm":74661,"minecraft:talked_to_villager":2,"minecraft:fly_one_cm":116325,"minecraft:open_chest":1,"minecraft:crouch_one_cm":562,"minecraft:play_time":77670,"tombstone:undead_killed":2,"minecraft:deaths":2,"minecraft:sneak_time":854,"minecraft:walk_under_water_one_cm":33811,"minecraft:jump":1005,"minecraft:walk_on_water_one_cm":11628,"minecraft:total_world_time":77670,"minecraft:fall_one_cm":28913},"minecraft:broken":{"minecraft:stone_axe":1,"aether:leather_gloves":1,"minecraft:stone_pickaxe":1},"minecraft:used":{"minecraft:diorite":44,"minecraft:stone_pickaxe":221,"minecraft:wooden_pickaxe":7,"minecraft:sugar_cane":2,"minecraft:oak_door":7,"minecraft:torch":79,"minecraft:crafting_table":6,"minecraft:bread":30,"minecraft:smooth_basalt":1,"minecraft:stone_axe":86,"minecraft:cobblestone":26,"minecraft:andesite":3,"alexsmobs:animal_dictionary":3},"minecraft:dropped":{"minecraft:oak_door":1,"minecraft:bread":8,"minecraft:wheat_seeds":1,"minecraft:feather":1,"minecraft:rotten_flesh":7,"aether:leather_gloves":1,"minecraft:cornflower":1,"minecraft:leather_boots":1,"minecraft:wooden_pickaxe":1,"minecraft:dandelion":1,"minecraft:egg":1},"minecraft:killed":{"minecraft:pig":7,"enemyexpansion:direwolf":1,"minecraft:skeleton":2,"minecraft:sheep":1,"alexsmobs:catfish":2,"born_in_chaos_v1:dread_hound":3,"minecraft:chicken":1,"born_in_chaos_v1:corpse_fly":1,"alexsmobs:fly":1},"minecraft:killed_by":{"minecraft:creeper":1},"minecraft:mined":{"minecraft:oak_door":4,"minecraft:medium_amethyst_bud":1,"minecraft:amethyst_cluster":3,"minecraft:dandelion":1,"minecraft:crafting_table":4,"minecraft:cornflower":1,"minecraft:torch":1,"minecraft:acacia_log":2,"minecraft:calcite":1,"minecraft:cobblestone":3,"minecraft:sugar_cane":6,"minecraft:diorite":54,"minecraft:wall_torch":4,"minecraft:amethyst_block":4,"minecraft:hay_block":31,"minecraft:iron_ore":30,"minecraft:andesite":3,"minecraft:grass":7,"minecraft:deepslate_iron_ore":14,"minecraft:pointed_dripstone":1,"minecraft:oak_log":22,"minecraft:coal_ore":33,"minecraft:stripped_oak_log":1,"minecraft:smooth_basalt":1,"minecraft:stone":76,"minecraft:deepslate":1,"minecraft:oak_leaves":5},"minecraft:crafted":{"minecraft:oak_door":3,"minecraft:oak_planks":32,"minecraft:crafting_table":2,"minecraft:wooden_pickaxe":1,"minecraft:stone_axe":2,"minecraft:bread":93,"minecraft:stick":28,"minecraft:stone_pickaxe":2,"minecraft:torch":76,"minecraft:wheat":279}},"DataVersion":3465}