{"stats":{"minecraft:crafted":{"minecraft:oak_planks":4,"minecraft:crafting_table":1,"minecraft:bread":6,"minecraft:wheat":18},"minecraft:custom":{"minecraft:time_since_rest":5374,"minecraft:damage_taken":420,"minecraft:sprint_one_cm":12709,"minecraft:play_time":11175,"minecraft:deaths":1,"minecraft:walk_one_cm":14393,"minecraft:jump":171,"minecraft:damage_dealt":90,"minecraft:leave_game":3,"minecraft:time_since_death":9614,"minecraft:sleep_in_bed":1,"minecraft:total_world_time":11175,"minecraft:interact_with_crafting_table":2,"minecraft:fall_one_cm":4122,"minecraft:fly_one_cm":30564},"minecraft:mined":{"minecraft:hay_block":2,"minecraft:grass":4,"minecraft:oak_log":1,"minecraft:sugar_cane":6},"minecraft:used":{"minecraft:crafting_table":1,"minecraft:bread":2,"minecraft:sugar_cane":2},"minecraft:killed_by":{"minecraft:creeper":1},"minecraft:picked_up":{"minecraft:wheat_seeds":2,"minecraft:hay_block":2,"minecraft:oak_log":1,"minecraft:sugar_cane":8}},"DataVersion":3465}