{"stats":{"minecraft:picked_up":{"minecraft:stripped_oak_log":1,"born_in_chaos_v1:corpse_maggot":1,"minecraft:crafting_table":3,"minecraft:feather":1,"minecraft:oak_log":22,"aether:leather_gloves":1,"minecraft:cornflower":1,"minecraft:bone":4,"minecraft:wheat_seeds":2,"minecraft:cobbled_deepslate":1,"minecraft:sugar_cane":8,"minecraft:egg":1,"minecraft:stick":1,"minecraft:raw_iron":40,"minecraft:oak_door":5,"minecraft:acacia_log":2,"minecraft:torch":12,"minecraft:dandelion":1,"minecraft:porkchop":14,"minecraft:cookie":5,"minecraft:pointed_dripstone":3,"minecraft:diorite":11,"minecraft:arrow":2,"minecraft:rotten_flesh":7,"minecraft:slime_ball":5,"minecraft:hay_block":31,"alexsmobs:maggot":2,"tombstone:magic_scroll":1,"minecraft:oak_sapling":1,"minecraft:cobblestone":37,"minecraft:mutton":1,"minecraft:coal":29,"minecraft:white_wool":1},"minecraft:custom":{"minecraft:mob_kills":16,"minecraft:interact_with_crafting_table":7,"minecraft:leave_game":4,"minecraft:time_since_death":47525,"minecraft:sleep_in_bed":2,"minecraft:time_since_rest":36659,"minecraft:sprint_one_cm":81268,"minecraft:damage_taken":1650,"minecraft:walk_one_cm":115675,"minecraft:drop":18,"minecraft:damage_dealt":2021,"minecraft:swim_one_cm":74661,"minecraft:talked_to_villager":2,"minecraft:fly_one_cm":114057,"minecraft:open_chest":1,"minecraft:crouch_one_cm":447,"minecraft:play_time":65670,"tombstone:undead_killed":2,"minecraft:deaths":2,"minecraft:sneak_time":684,"minecraft:walk_under_water_one_cm":28699,"minecraft:jump":810,"minecraft:walk_on_water_one_cm":6928,"minecraft:total_world_time":65670,"minecraft:fall_one_cm":24044},"minecraft:used":{"minecraft:stone_pickaxe":119,"minecraft:wooden_pickaxe":7,"minecraft:sugar_cane":2,"minecraft:oak_door":7,"minecraft:torch":61,"minecraft:crafting_table":4,"minecraft:bread":25,"minecraft:stone_axe":74,"minecraft:cobblestone":10,"alexsmobs:animal_dictionary":3},"minecraft:dropped":{"minecraft:oak_door":1,"minecraft:bread":8,"minecraft:wheat_seeds":1,"minecraft:feather":1,"minecraft:rotten_flesh":7,"aether:leather_gloves":1,"minecraft:cornflower":1,"minecraft:leather_boots":1,"minecraft:wooden_pickaxe":1,"minecraft:dandelion":1,"minecraft:egg":1},"minecraft:killed":{"minecraft:pig":7,"enemyexpansion:direwolf":1,"minecraft:skeleton":2,"minecraft:sheep":1,"alexsmobs:catfish":2,"minecraft:chicken":1,"born_in_chaos_v1:corpse_fly":1,"alexsmobs:fly":1},"minecraft:killed_by":{"minecraft:creeper":1},"minecraft:mined":{"minecraft:oak_door":4,"minecraft:dandelion":1,"minecraft:crafting_table":3,"minecraft:cornflower":1,"minecraft:torch":1,"minecraft:acacia_log":2,"minecraft:cobblestone":3,"minecraft:sugar_cane":6,"minecraft:diorite":15,"minecraft:wall_torch":2,"minecraft:hay_block":31,"minecraft:iron_ore":25,"minecraft:grass":7,"minecraft:deepslate_iron_ore":14,"minecraft:pointed_dripstone":1,"minecraft:oak_log":22,"minecraft:coal_ore":30,"minecraft:stripped_oak_log":1,"minecraft:stone":35,"minecraft:deepslate":1,"minecraft:oak_leaves":5},"minecraft:crafted":{"minecraft:oak_door":3,"minecraft:oak_planks":32,"minecraft:crafting_table":2,"minecraft:wooden_pickaxe":1,"minecraft:stone_axe":1,"minecraft:bread":93,"minecraft:stick":20,"minecraft:stone_pickaxe":1,"minecraft:torch":60,"minecraft:wheat":279}},"DataVersion":3465}