{"stats":{"minecraft:dropped":{"minecraft:wheat_seeds":1,"minecraft:cornflower":1,"minecraft:feather":1,"minecraft:rotten_flesh":7,"aether:leather_gloves":1,"minecraft:wooden_pickaxe":1,"minecraft:egg":1,"minecraft:dandelion":1},"minecraft:killed":{"minecraft:sheep":1,"minecraft:pig":7,"minecraft:chicken":1,"alexsmobs:fly":1},"minecraft:crafted":{"minecraft:oak_door":3,"minecraft:oak_planks":32,"minecraft:crafting_table":2,"minecraft:stick":8,"minecraft:wooden_pickaxe":1,"minecraft:stone_pickaxe":1,"minecraft:torch":8,"minecraft:stone_axe":1,"minecraft:bread":93,"minecraft:wheat":279},"minecraft:custom":{"minecraft:time_since_rest":11737,"minecraft:sprint_one_cm":58383,"minecraft:damage_taken":1050,"minecraft:walk_one_cm":66044,"minecraft:mob_kills":10,"minecraft:drop":8,"minecraft:damage_dealt":930,"minecraft:swim_one_cm":11360,"minecraft:interact_with_crafting_table":6,"minecraft:talked_to_villager":2,"minecraft:fly_one_cm":96280,"minecraft:open_chest":1,"minecraft:crouch_one_cm":32,"minecraft:play_time":40748,"minecraft:deaths":2,"minecraft:sneak_time":231,"minecraft:walk_under_water_one_cm":10051,"minecraft:jump":576,"minecraft:walk_on_water_one_cm":3008,"minecraft:leave_game":3,"minecraft:time_since_death":22603,"minecraft:sleep_in_bed":2,"minecraft:total_world_time":40748,"minecraft:fall_one_cm":18395},"minecraft:mined":{"minecraft:hay_block":31,"minecraft:dandelion":1,"minecraft:cornflower":1,"minecraft:crafting_table":3,"minecraft:grass":7,"minecraft:oak_log":22,"minecraft:coal_ore":15,"minecraft:stripped_oak_log":1,"minecraft:cobblestone":3,"minecraft:stone":13,"minecraft:sugar_cane":6,"minecraft:oak_leaves":5},"minecraft:killed_by":{"minecraft:creeper":1},"minecraft:used":{"minecraft:bread":12,"minecraft:stone_pickaxe":24,"minecraft:wooden_pickaxe":7,"minecraft:sugar_cane":2,"minecraft:torch":4,"minecraft:stone_axe":39,"minecraft:cobblestone":3,"minecraft:crafting_table":4,"alexsmobs:animal_dictionary":3},"minecraft:picked_up":{"minecraft:stripped_oak_log":1,"minecraft:crafting_table":3,"minecraft:feather":1,"minecraft:dandelion":1,"minecraft:porkchop":14,"minecraft:oak_log":22,"minecraft:cornflower":1,"aether:leather_gloves":1,"minecraft:bone":3,"minecraft:rotten_flesh":7,"minecraft:slime_ball":5,"minecraft:wheat_seeds":2,"minecraft:hay_block":31,"alexsmobs:maggot":2,"minecraft:sugar_cane":8,"minecraft:mutton":1,"minecraft:coal":15,"minecraft:white_wool":1,"minecraft:cobblestone":15,"minecraft:egg":1}},"DataVersion":3465}