{"stats":{"minecraft:picked_up":{"minecraft:stripped_oak_log":1,"born_in_chaos_v1:corpse_maggot":1,"minecraft:crafting_table":4,"minecraft:feather":1,"born_in_chaos_v1:monster_flesh":2,"minecraft:andesite":3,"minecraft:oak_log":22,"minecraft:amethyst_block":4,"aether:leather_gloves":1,"minecraft:cornflower":1,"minecraft:dirt":11,"minecraft:raw_copper":8,"born_in_chaos_v1:monster_skin":2,"minecraft:bone":5,"minecraft:wheat_seeds":4,"minecraft:cobbled_deepslate":1,"minecraft:calcite":1,"born_in_chaos_v1:gnawed_bones":1,"minecraft:sugar_cane":8,"minecraft:egg":1,"minecraft:stick":1,"minecraft:raw_iron":46,"minecraft:smooth_basalt":1,"minecraft:oak_door":5,"minecraft:acacia_log":2,"minecraft:torch":17,"minecraft:dandelion":1,"minecraft:porkchop":17,"minecraft:amethyst_shard":12,"minecraft:cookie":5,"minecraft:pointed_dripstone":3,"minecraft:diorite":45,"minecraft:arrow":2,"minecraft:rotten_flesh":9,"minecraft:slime_ball":5,"minecraft:hay_block":31,"supplementaries:ash":1,"alexsmobs:maggot":2,"tombstone:magic_scroll":1,"minecraft:oak_sapling":1,"minecraft:cobblestone":89,"minecraft:mutton":1,"minecraft:coal":32,"minecraft:white_wool":6},"minecraft:custom":{"minecraft:interact_with_furnace":27,"minecraft:mob_kills":24,"minecraft:interact_with_crafting_table":13,"minecraft:leave_game":4,"minecraft:time_since_death":71525,"minecraft:sleep_in_bed":2,"minecraft:time_since_rest":60659,"minecraft:sprint_one_cm":100456,"minecraft:damage_taken":2110,"minecraft:walk_one_cm":161954,"minecraft:drop":40,"minecraft:damage_dealt":3227,"minecraft:swim_one_cm":74661,"minecraft:talked_to_villager":2,"minecraft:fly_one_cm":150158,"minecraft:open_chest":1,"minecraft:crouch_one_cm":623,"minecraft:play_time":89670,"tombstone:undead_killed":5,"minecraft:deaths":2,"minecraft:sneak_time":1311,"minecraft:walk_under_water_one_cm":33811,"minecraft:jump":1200,"minecraft:walk_on_water_one_cm":11628,"minecraft:total_world_time":89670,"minecraft:fall_one_cm":35083},"minecraft:broken":{"minecraft:stone_axe":1,"aether:leather_gloves":1,"minecraft:stone_pickaxe":1},"minecraft:used":{"minecraft:diorite":45,"minecraft:stone_pickaxe":243,"minecraft:wooden_pickaxe":7,"minecraft:sugar_cane":2,"minecraft:oak_door":7,"minecraft:torch":79,"minecraft:dirt":1,"minecraft:crafting_table":7,"minecraft:bread":32,"minecraft:smooth_basalt":1,"minecraft:stone_axe":122,"minecraft:cobblestone":39,"minecraft:furnace":1,"minecraft:bucket":1,"minecraft:andesite":3,"alexsmobs:animal_dictionary":3},"minecraft:dropped":{"minecraft:oak_door":1,"minecraft:bread":8,"alexsmobs:maggot":2,"minecraft:wheat_seeds":3,"minecraft:cobbled_deepslate":1,"minecraft:raw_copper":8,"minecraft:pointed_dripstone":3,"minecraft:feather":1,"minecraft:oak_planks":1,"minecraft:rotten_flesh":9,"aether:leather_gloves":1,"minecraft:acacia_log":2,"minecraft:coal":5,"minecraft:dirt":10,"supplementaries:ash":1,"minecraft:cornflower":1,"born_in_chaos_v1:corpse_maggot":1,"minecraft:leather_boots":1,"minecraft:oak_sapling":1,"minecraft:wooden_pickaxe":1,"minecraft:calcite":1,"minecraft:dandelion":1,"minecraft:egg":1},"minecraft:killed":{"minecraft:pig":8,"enemyexpansion:direwolf":1,"minecraft:skeleton":2,"minecraft:sheep":1,"alexsmobs:catfish":2,"luminousworld:savannah_skeleton":1,"minecraft:zombie":2,"born_in_chaos_v1:dread_hound":3,"minecraft:chicken":1,"born_in_chaos_v1:corpse_fly":1,"alexsmobs:fly":1,"luminousworld:charaxes":1},"minecraft:killed_by":{"minecraft:creeper":1},"minecraft:mined":{"minecraft:oak_door":4,"minecraft:medium_amethyst_bud":1,"minecraft:amethyst_cluster":3,"minecraft:dandelion":1,"minecraft:crafting_table":4,"minecraft:cornflower":1,"minecraft:torch":1,"minecraft:acacia_log":2,"minecraft:grass_block":2,"minecraft:calcite":1,"minecraft:copper_ore":2,"minecraft:cobblestone":8,"minecraft:sugar_cane":6,"minecraft:diorite":54,"minecraft:wall_torch":5,"minecraft:amethyst_block":4,"minecraft:hay_block":31,"minecraft:iron_ore":31,"minecraft:andesite":3,"minecraft:grass":15,"minecraft:deepslate_iron_ore":14,"minecraft:pointed_dripstone":1,"minecraft:oak_log":22,"minecraft:coal_ore":33,"minecraft:dirt":4,"minecraft:stripped_oak_log":1,"minecraft:smooth_basalt":1,"minecraft:stone":83,"minecraft:deepslate":1,"minecraft:oak_leaves":5},"minecraft:crafted":{"minecraft:oak_door":3,"minecraft:oak_planks":36,"minecraft:cooked_porkchop":10,"minecraft:crafting_table":3,"minecraft:wooden_pickaxe":1,"minecraft:furnace":1,"minecraft:bucket":2,"minecraft:stone_axe":2,"minecraft:bread":93,"minecraft:air":0,"minecraft:stick":28,"minecraft:iron_ingot":35,"minecraft:stone_pickaxe":2,"minecraft:torch":76,"minecraft:shears":1,"minecraft:wheat":279}},"DataVersion":3465}