{"stats":{"minecraft:picked_up":{"minecraft:crafting_table":6,"minecraft:amethyst_block":4,"aether:leather_gloves":1,"minecraft:cornflower":1,"alexsmobs:gazelle_horn":1,"minecraft:raw_copper":8,"minecraft:cobbled_deepslate":1,"minecraft:bucket":1,"born_in_chaos_v1:gnawed_bones":1,"minecraft:calcite":1,"minecraft:sugar_cane":8,"minecraft:egg":3,"minecraft:furnace":2,"minecraft:raw_iron":46,"minecraft:stick":1,"minecraft:oak_door":5,"minecraft:torch":19,"minecraft:acacia_log":4,"minecraft:porkchop":17,"minecraft:cookie":5,"minecraft:pointed_dripstone":3,"minecraft:diorite":45,"minecraft:arrow":2,"minecraft:rotten_flesh":9,"minecraft:hay_block":31,"mowziesmobs:umvuthana_mask_bliss":1,"supplementaries:ash":1,"minecraft:mutton":2,"alexsmobs:kangaroo_meat":2,"minecraft:white_wool":14,"minecraft:cobblestone":90,"minecraft:stripped_oak_log":1,"born_in_chaos_v1:corpse_maggot":1,"minecraft:feather":1,"born_in_chaos_v1:monster_flesh":2,"minecraft:water_bucket":1,"minecraft:andesite":3,"minecraft:oak_log":22,"minecraft:dirt":17,"born_in_chaos_v1:monster_skin":2,"minecraft:bone":5,"minecraft:wheat_seeds":4,"minecraft:smooth_basalt":1,"minecraft:dandelion":1,"minecraft:amethyst_shard":12,"minecraft:white_bed":4,"minecraft:slime_ball":5,"alexsmobs:maggot":2,"tombstone:magic_scroll":1,"minecraft:oak_sapling":1,"minecraft:coal":32},"minecraft:custom":{"minecraft:mob_kills":25,"minecraft:interact_with_crafting_table":14,"minecraft:time_since_death":95525,"minecraft:leave_game":4,"minecraft:sprint_one_cm":129962,"minecraft:walk_one_cm":210079,"minecraft:drop":64,"minecraft:talked_to_villager":2,"minecraft:play_time":113670,"minecraft:deaths":2,"minecraft:sneak_time":1524,"minecraft:walk_under_water_one_cm":34000,"minecraft:jump":1697,"minecraft:walk_on_water_one_cm":13582,"minecraft:total_world_time":113670,"minecraft:interact_with_furnace":40,"minecraft:sleep_in_bed":4,"minecraft:time_since_rest":6818,"minecraft:damage_taken":2310,"minecraft:damage_dealt":3547,"minecraft:swim_one_cm":77080,"minecraft:fly_one_cm":234527,"minecraft:open_chest":1,"minecraft:crouch_one_cm":924,"tombstone:undead_killed":5,"minecraft:fall_one_cm":50928},"minecraft:broken":{"minecraft:stone_pickaxe":1,"minecraft:stone_axe":1,"aether:leather_gloves":1},"minecraft:used":{"minecraft:oak_door":7,"minecraft:torch":83,"minecraft:dirt":1,"minecraft:smooth_basalt":1,"minecraft:furnace":1,"minecraft:egg":2,"minecraft:water_bucket":4,"minecraft:diorite":45,"minecraft:stone_pickaxe":244,"minecraft:wooden_pickaxe":7,"minecraft:sugar_cane":2,"minecraft:crafting_table":8,"minecraft:white_bed":4,"minecraft:bread":36,"minecraft:stone_axe":140,"minecraft:cobblestone":41,"minecraft:cooked_porkchop":2,"minecraft:andesite":3,"minecraft:bucket":5,"alexsmobs:animal_dictionary":3},"minecraft:dropped":{"minecraft:iron_ingot":10,"minecraft:bread":8,"minecraft:wheat_seeds":3,"minecraft:feather":1,"minecraft:acacia_log":2,"minecraft:coal":5,"minecraft:dirt":10,"minecraft:cornflower":1,"minecraft:bucket":1,"minecraft:dandelion":1,"minecraft:oak_door":1,"minecraft:furnace":1,"alexsmobs:maggot":2,"alexsmobs:gazelle_horn":1,"minecraft:cobbled_deepslate":1,"minecraft:raw_copper":8,"minecraft:pointed_dripstone":3,"minecraft:raw_iron":19,"minecraft:rotten_flesh":9,"aether:leather_gloves":1,"minecraft:oak_planks":1,"minecraft:white_bed":1,"supplementaries:ash":1,"born_in_chaos_v1:corpse_maggot":1,"minecraft:leather_boots":1,"minecraft:oak_sapling":1,"minecraft:wooden_pickaxe":1,"minecraft:calcite":1,"minecraft:egg":1},"minecraft:killed":{"enemyexpansion:direwolf":1,"minecraft:skeleton":2,"minecraft:chicken":1,"luminousworld:charaxes":1,"alexsmobs:kangaroo":1,"minecraft:pig":8,"minecraft:sheep":1,"alexsmobs:catfish":2,"luminousworld:savannah_skeleton":1,"minecraft:zombie":2,"born_in_chaos_v1:dread_hound":3,"born_in_chaos_v1:corpse_fly":1,"alexsmobs:fly":1},"minecraft:killed_by":{"minecraft:creeper":1},"minecraft:mined":{"minecraft:white_bed":2,"minecraft:oak_door":4,"minecraft:acacia_log":2,"minecraft:grass_block":3,"luminousworld:whiteoakleaves":1,"minecraft:hay_block":31,"minecraft:furnace":1,"minecraft:iron_ore":31,"minecraft:andesite":3,"minecraft:pointed_dripstone":1,"minecraft:deepslate_iron_ore":14,"minecraft:stripped_oak_log":1,"minecraft:stone":83,"minecraft:medium_amethyst_bud":1,"minecraft:amethyst_cluster":3,"minecraft:dandelion":1,"minecraft:cornflower":1,"minecraft:crafting_table":6,"minecraft:torch":1,"minecraft:calcite":1,"minecraft:copper_ore":2,"minecraft:cobblestone":8,"minecraft:sugar_cane":6,"minecraft:diorite":54,"minecraft:wall_torch":7,"minecraft:amethyst_block":4,"minecraft:birch_leaves":4,"minecraft:grass":20,"minecraft:coal_ore":33,"minecraft:oak_log":22,"minecraft:dirt":9,"minecraft:smooth_basalt":1,"minecraft:oak_leaves":7,"minecraft:deepslate":1},"minecraft:crafted":{"minecraft:oak_door":3,"minecraft:oak_planks":52,"minecraft:furnace":1,"minecraft:stone_pickaxe":2,"minecraft:wheat":279,"minecraft:cooked_porkchop":17,"minecraft:crafting_table":3,"minecraft:wooden_pickaxe":1,"minecraft:bucket":2,"minecraft:stone_axe":2,"minecraft:bread":93,"minecraft:air":0,"minecraft:stick":28,"minecraft:iron_ingot":56,"minecraft:white_bed":2,"minecraft:torch":76,"minecraft:shears":1}},"DataVersion":3465}