{"stats":{"minecraft:picked_up":{"iceandfire:dragon_skull_lightning":1,"minecraft:crafting_table":9,"luminousworld:groundpebbles_1":2,"born_in_chaos_v1:diamond_termite_shard":3,"minecraft:wheat":93,"minecraft:flower_pot":1,"luminousworld:bao_bob_wood":1,"minecraft:enchanted_book":2,"minecraft:amethyst_block":4,"aether:leather_gloves":2,"alexsmobs:gazelle_horn":1,"minecraft:cornflower":1,"iceandfire:manuscript":53,"minecraft:string":41,"minecraft:raw_copper":15,"minecraft:acacia_door":1,"minecraft:experience_bottle":4,"minecraft:item_frame":4,"minecraft:white_carpet":1,"minecraft:iron_shovel":2,"minecraft:zombie_head":1,"minecraft:blue_orchid":1,"minecraft:cyan_carpet":2,"minecraft:oak_sign":1,"iceandfire:bestiary":1,"minecraft:tnt_minecart":2,"minecraft:cobbled_deepslate":1,"minecraft:bucket":1,"minecraft:acacia_fence_gate":1,"born_in_chaos_v1:gnawed_bones":1,"minecraft:calcite":7,"minecraft:iron_pickaxe":2,"minecraft:sugar_cane":38,"minecraft:furnace":3,"minecraft:egg":3,"minecraft:raw_iron":53,"minecraft:stick":1,"iceandfire:dragonbone":13,"minecraft:jukebox":1,"quark:violet_corundum":1,"minecraft:acacia_fence":4,"minecraft:oak_door":5,"minecraft:torch":27,"minecraft:acacia_log":4,"luminousworld:savannah_soil":399,"minecraft:porkchop":18,"minecraft:stone_button":1,"minecraft:cookie":5,"minecraft:pointed_dripstone":14,"minecraft:diorite":45,"minecraft:orange_bed":2,"minecraft:arrow":3,"minecraft:rotten_flesh":12,"quark:violet_corundum_cluster":1,"minecraft:hay_block":48,"minecraft:yellow_terracotta":2,"mowziesmobs:umvuthana_mask_bliss":1,"minecraft:gold_ingot":2,"minecraft:black_banner":1,"luminousworld:tall_deadbush":1,"supplementaries:ash":1,"alexsmobs:kangaroo_meat":2,"minecraft:mutton":2,"minecraft:white_wool":16,"minecraft:cobblestone":113,"minecraft:stripped_oak_log":1,"born_in_chaos_v1:corpse_maggot":1,"luminousworld:savannah_ground":1,"minecraft:feather":1,"born_in_chaos_v1:monster_flesh":2,"minecraft:water_bucket":1,"minecraft:andesite":3,"luminousworld:ishstone":1,"minecraft:golden_leggings":1,"minecraft:oak_log":23,"minecraft:yellow_bed":1,"minecraft:dirt":17,"born_in_chaos_v1:monster_skin":2,"minecraft:bone":12,"minecraft:acacia_planks":3,"minecraft:light_blue_banner":1,"minecraft:gray_carpet":4,"minecraft:wheat_seeds":251,"minecraft:iron_ingot":4,"luminousworld:elephant_grass":5,"minecraft:dark_oak_sign":9,"minecraft:fletching_table":1,"minecraft:glass_bottle":1,"minecraft:bamboo":1,"minecraft:iron_sword":2,"minecraft:book":9,"minecraft:smooth_basalt":1,"quark:red_corundum_cluster":15,"minecraft:cooked_porkchop":2,"minecraft:lily_of_the_valley":1,"iceandfire:ash":25,"minecraft:dandelion":1,"minecraft:dripstone_block":2,"minecraft:amethyst_shard":12,"minecraft:red_banner":1,"minecraft:blast_furnace":4,"minecraft:white_bed":4,"minecraft:cyan_bed":6,"minecraft:acacia_stairs":2,"quark:oak_chest":2,"minecraft:spider_eye":2,"minecraft:slime_ball":5,"minecraft:painting":2,"minecraft:writable_book":1,"minecraft:chainmail_leggings":1,"minecraft:emerald":2,"minecraft:bread":2,"alexsmobs:maggot":2,"tombstone:magic_scroll":1,"minecraft:oak_sapling":1,"minecraft:brown_banner":1,"minecraft:coal":33,"iceandfire:raw_silver":2},"minecraft:custom":{"minecraft:mob_kills":39,"minecraft:interact_with_crafting_table":42,"minecraft:open_barrel":6,"minecraft:leave_game":6,"minecraft:time_since_death":66320,"minecraft:climb_one_cm":15851,"minecraft:sprint_one_cm":410707,"minecraft:walk_one_cm":670913,"minecraft:drop":97,"minecraft:talked_to_villager":5,"minecraft:play_time":271615,"minecraft:deaths":12,"minecraft:sneak_time":3120,"minecraft:walk_under_water_one_cm":58352,"minecraft:jump":3740,"minecraft:total_world_time":271615,"minecraft:walk_on_water_one_cm":58788,"minecraft:interact_with_furnace":53,"minecraft:sleep_in_bed":14,"minecraft:time_since_rest":13341,"minecraft:damage_taken":7628,"minecraft:damage_dealt":7130,"minecraft:player_kills":1,"minecraft:swim_one_cm":92113,"minecraft:fly_one_cm":582946,"minecraft:open_chest":98,"minecraft:crouch_one_cm":2030,"tombstone:undead_killed":9,"minecraft:interact_with_smoker":5,"minecraft:fall_one_cm":129079},"minecraft:broken":{"minecraft:golden_boots":1,"minecraft:leather_leggings":1,"minecraft:leather_chestplate":1,"minecraft:stone_pickaxe":1,"minecraft:stone_axe":1,"mowziesmobs:umvuthana_mask_bliss":1,"aether:leather_gloves":1},"minecraft:used":{"minecraft:light_blue_banner":1,"minecraft:writable_book":1,"minecraft:iron_shovel":214,"minecraft:acacia_log":1,"minecraft:iron_sword":255,"minecraft:oak_door":7,"minecraft:torch":170,"minecraft:dirt":1,"minecraft:iron_axe":59,"minecraft:smooth_basalt":1,"luminousworld:savannah_soil":44,"minecraft:furnace":3,"tombstone:gift":3,"minecraft:egg":2,"minecraft:acacia_planks":7,"minecraft:golden_boots":1,"minecraft:wheat_seeds":91,"minecraft:water_bucket":23,"minecraft:diorite":45,"minecraft:oak_planks":19,"minecraft:stone_pickaxe":244,"minecraft:wooden_pickaxe":7,"minecraft:leather_chestplate":1,"luminousworld:ishstone":1,"minecraft:sugar_cane":2,"minecraft:yellow_terracotta":2,"minecraft:crafting_table":12,"minecraft:blast_furnace":3,"minecraft:black_banner":1,"minecraft:white_bed":5,"minecraft:dripstone_block":2,"minecraft:painting":11,"minecraft:acacia_stairs":1,"minecraft:cyan_bed":5,"minecraft:iron_pickaxe":99,"iceandfire:ash":22,"minecraft:bread":91,"minecraft:stone_axe":157,"minecraft:red_banner":1,"minecraft:cobblestone":67,"minecraft:cooked_porkchop":3,"minecraft:andesite":3,"minecraft:bucket":24,"quark:oak_chest":4,"alexsmobs:animal_dictionary":3,"minecraft:yellow_bed":1,"minecraft:cobweb":12,"minecraft:experience_bottle":3},"minecraft:dropped":{"minecraft:iron_ingot":10,"minecraft:bread":10,"minecraft:wheat_seeds":3,"minecraft:feather":1,"minecraft:acacia_log":2,"minecraft:coal":20,"minecraft:item_frame":2,"minecraft:dirt":10,"minecraft:stone_button":1,"minecraft:cornflower":1,"minecraft:zombie_head":1,"minecraft:iron_shovel":2,"minecraft:bucket":1,"minecraft:dandelion":1,"minecraft:bone":7,"minecraft:oak_door":1,"minecraft:furnace":1,"minecraft:stone_axe":1,"alexsmobs:maggot":2,"minecraft:sugar_cane":12,"alexsmobs:gazelle_horn":1,"minecraft:cobbled_deepslate":1,"minecraft:raw_copper":8,"minecraft:raw_iron":19,"minecraft:pointed_dripstone":3,"minecraft:rotten_flesh":10,"aether:leather_gloves":1,"minecraft:oak_planks":1,"minecraft:white_bed":1,"supplementaries:ash":1,"born_in_chaos_v1:corpse_maggot":1,"minecraft:leather_boots":2,"minecraft:oak_sapling":1,"iceandfire:bestiary":1,"minecraft:cyan_bed":1,"minecraft:stone_pickaxe":1,"minecraft:wooden_pickaxe":1,"minecraft:calcite":1,"minecraft:acacia_fence":2,"minecraft:egg":1},"minecraft:killed":{"minecraft:cave_spider":5,"minecraft:spider":1,"enemyexpansion:direwolf":1,"minecraft:skeleton":4,"minecraft:chicken":1,"luminousworld:charaxes":1,"alexsmobs:kangaroo":1,"minecraft:pig":8,"born_in_chaos_v1:diamond_termite":1,"undead_revamp2:the_moonflower":1,"minecraft:sheep":1,"alexsmobs:catfish":2,"luminousworld:savannah_skeleton":2,"undead_revamp2:thesomnolence":1,"minecraft:zombie":2,"alexsmobs:elephant":1,"born_in_chaos_v1:dread_hound":3,"born_in_chaos_v1:corpse_fly":1,"alexsmobs:fly":1},"minecraft:killed_by":{"minecraft:husk":3,"minecraft:creeper":1,"alexsmobs:elephant":3,"minecraft:cave_spider":1,"minecraft:skeleton":1,"iceandfire:lightning_dragon":2},"minecraft:mined":{"minecraft:dark_oak_planks":1,"minecraft:spruce_planks":1,"minecraft:white_bed":2,"iceandfire:silver_ore":2,"minecraft:oak_door":4,"born_in_chaos_v1:infected_diamond_ore":2,"minecraft:allium":1,"minecraft:acacia_log":2,"minecraft:grass_block":3,"luminousworld:whiteoakleaves":1,"minecraft:potted_bamboo":1,"minecraft:oak_wall_sign":1,"luminousworld:savanna_grass_2":2,"minecraft:spawner":2,"minecraft:hay_block":48,"minecraft:light_blue_wall_banner":1,"minecraft:furnace":2,"minecraft:iron_ore":32,"minecraft:acacia_wood":1,"minecraft:acacia_stairs":1,"minecraft:andesite":3,"minecraft:fletching_table":1,"minecraft:bookshelf":3,"minecraft:pointed_dripstone":9,"minecraft:deepslate_iron_ore":14,"minecraft:orange_bed":2,"minecraft:white_tulip":1,"minecraft:stripped_oak_log":1,"minecraft:blue_orchid":1,"minecraft:stone":100,"minecraft:white_wool":2,"quark:red_corundum_cluster":17,"quark:violet_corundum":1,"luminousworld:savannah_soil":212,"minecraft:acacia_leaves":1,"minecraft:glass_pane":2,"minecraft:lily_of_the_valley":1,"quark:oak_chest":2,"luminousworld:tall_deadbush":3,"minecraft:medium_amethyst_bud":1,"minecraft:amethyst_cluster":3,"minecraft:stone_brick_slab":1,"minecraft:dandelion":1,"minecraft:red_banner":1,"minecraft:cornflower":1,"minecraft:crafting_table":9,"minecraft:torch":4,"luminousworld:savannah_grass_1":2,"minecraft:blast_furnace":4,"minecraft:calcite":7,"minecraft:copper_ore":3,"minecraft:cobblestone":16,"minecraft:cyan_bed":6,"minecraft:sugar_cane":18,"minecraft:diorite":57,"minecraft:wall_torch":9,"minecraft:amethyst_block":4,"supplementaries:urn":1,"minecraft:stone_stairs":1,"minecraft:red_terracotta":2,"minecraft:wheat":91,"minecraft:black_wall_banner":1,"minecraft:birch_leaves":4,"minecraft:jukebox":1,"iceandfire:ash":5,"minecraft:yellow_bed":1,"minecraft:grass":20,"minecraft:coal_ore":33,"minecraft:oak_log":22,"luminousworld:ishstone":1,"minecraft:acacia_fence":1,"minecraft:dirt":9,"minecraft:dripstone_block":3,"minecraft:gray_carpet":1,"minecraft:cobweb":20,"minecraft:smooth_basalt":1,"luminousworld:elephant_grass":2,"luminousworld:savannah_grass_4":3,"luminousworld:savannah_ground":2,"minecraft:oak_leaves":7,"minecraft:deepslate":1},"minecraft:crafted":{"minecraft:oak_door":3,"minecraft:oak_planks":96,"aether:iron_ring":2,"minecraft:furnace":2,"minecraft:iron_axe":1,"minecraft:stone_pickaxe":2,"aether:iron_pendant":1,"minecraft:wheat":414,"iceandfire:silver_ingot":2,"minecraft:cooked_porkchop":20,"minecraft:crafting_table":3,"minecraft:wooden_pickaxe":1,"minecraft:iron_helmet":1,"minecraft:bucket":2,"minecraft:stone_axe":2,"minecraft:bread":149,"minecraft:air":0,"aether:iron_gloves":1,"minecraft:iron_chestplate":1,"quark:oak_chest":2,"minecraft:stick":48,"minecraft:iron_ingot":82,"minecraft:iron_shovel":1,"minecraft:iron_leggings":1,"aether:white_cape":1,"minecraft:white_bed":2,"minecraft:acacia_planks":4,"minecraft:torch":116,"iceandfire:silver_sword":1,"minecraft:shears":1}},"DataVersion":3465}