{"stats":{"minecraft:picked_up":{"iceandfire:dragon_skull_lightning":1,"luminousworld:groundpebbles_1":2,"minecraft:crafting_table":7,"minecraft:wheat":35,"minecraft:amethyst_block":4,"aether:leather_gloves":2,"iceandfire:manuscript":53,"minecraft:cornflower":1,"alexsmobs:gazelle_horn":1,"minecraft:string":40,"minecraft:raw_copper":8,"minecraft:acacia_door":1,"minecraft:white_carpet":1,"minecraft:item_frame":2,"minecraft:zombie_head":1,"minecraft:experience_bottle":2,"minecraft:cyan_carpet":2,"iceandfire:bestiary":1,"minecraft:cobbled_deepslate":1,"minecraft:bucket":1,"minecraft:acacia_fence_gate":1,"born_in_chaos_v1:gnawed_bones":1,"minecraft:calcite":7,"minecraft:iron_pickaxe":1,"minecraft:sugar_cane":14,"minecraft:egg":3,"minecraft:furnace":2,"minecraft:raw_iron":46,"minecraft:stick":1,"iceandfire:dragonbone":13,"minecraft:acacia_fence":4,"minecraft:oak_door":5,"minecraft:torch":25,"minecraft:acacia_log":4,"minecraft:porkchop":17,"minecraft:stone_button":1,"minecraft:cookie":5,"minecraft:pointed_dripstone":3,"minecraft:diorite":45,"minecraft:arrow":3,"minecraft:rotten_flesh":10,"minecraft:hay_block":33,"minecraft:yellow_terracotta":2,"mowziesmobs:umvuthana_mask_bliss":1,"minecraft:gold_ingot":2,"supplementaries:ash":1,"minecraft:mutton":2,"alexsmobs:kangaroo_meat":2,"minecraft:white_wool":16,"minecraft:cobblestone":96,"minecraft:stripped_oak_log":1,"born_in_chaos_v1:corpse_maggot":1,"minecraft:feather":1,"born_in_chaos_v1:monster_flesh":2,"minecraft:water_bucket":1,"minecraft:andesite":3,"minecraft:oak_log":23,"minecraft:dirt":17,"born_in_chaos_v1:monster_skin":2,"minecraft:bone":10,"minecraft:acacia_planks":3,"minecraft:gray_carpet":4,"minecraft:wheat_seeds":106,"luminousworld:elephant_grass":2,"minecraft:iron_ingot":3,"minecraft:glass_bottle":1,"minecraft:iron_sword":1,"minecraft:smooth_basalt":1,"iceandfire:ash":20,"minecraft:dandelion":1,"minecraft:amethyst_shard":12,"minecraft:white_bed":4,"minecraft:acacia_stairs":1,"minecraft:spider_eye":2,"minecraft:slime_ball":5,"minecraft:bread":2,"minecraft:emerald":1,"alexsmobs:maggot":2,"tombstone:magic_scroll":1,"minecraft:oak_sapling":1,"minecraft:brown_banner":1,"minecraft:coal":32,"iceandfire:raw_silver":1},"minecraft:custom":{"minecraft:mob_kills":32,"minecraft:interact_with_crafting_table":30,"minecraft:open_barrel":1,"minecraft:time_since_death":11791,"minecraft:leave_game":4,"minecraft:climb_one_cm":3013,"minecraft:sprint_one_cm":226612,"minecraft:walk_one_cm":397962,"minecraft:drop":79,"minecraft:talked_to_villager":5,"minecraft:play_time":185670,"minecraft:deaths":11,"minecraft:sneak_time":1692,"minecraft:walk_under_water_one_cm":53798,"minecraft:jump":2709,"minecraft:walk_on_water_one_cm":43533,"minecraft:total_world_time":185670,"minecraft:interact_with_furnace":41,"minecraft:sleep_in_bed":9,"minecraft:time_since_rest":11144,"minecraft:damage_taken":6309,"minecraft:damage_dealt":5092,"minecraft:swim_one_cm":91563,"minecraft:fly_one_cm":418333,"minecraft:open_chest":46,"minecraft:crouch_one_cm":924,"tombstone:undead_killed":7,"minecraft:fall_one_cm":91006},"minecraft:broken":{"minecraft:leather_leggings":1,"minecraft:stone_pickaxe":1,"minecraft:stone_axe":1,"mowziesmobs:umvuthana_mask_bliss":1,"aether:leather_gloves":1},"minecraft:used":{"minecraft:acacia_log":1,"minecraft:iron_sword":113,"minecraft:oak_door":7,"minecraft:torch":120,"minecraft:dirt":1,"minecraft:smooth_basalt":1,"minecraft:furnace":1,"tombstone:gift":3,"minecraft:egg":2,"minecraft:acacia_planks":3,"minecraft:golden_boots":1,"minecraft:wheat_seeds":37,"minecraft:water_bucket":19,"minecraft:diorite":45,"minecraft:stone_pickaxe":244,"minecraft:leather_chestplate":1,"minecraft:wooden_pickaxe":7,"minecraft:sugar_cane":2,"minecraft:yellow_terracotta":2,"minecraft:crafting_table":10,"minecraft:white_bed":5,"minecraft:acacia_stairs":1,"minecraft:bread":66,"minecraft:iron_pickaxe":34,"iceandfire:ash":3,"minecraft:stone_axe":157,"minecraft:cobblestone":67,"minecraft:cooked_porkchop":2,"minecraft:andesite":3,"minecraft:bucket":20,"quark:oak_chest":2,"alexsmobs:animal_dictionary":3,"minecraft:cobweb":12,"minecraft:experience_bottle":2},"minecraft:dropped":{"minecraft:iron_ingot":10,"minecraft:bread":10,"minecraft:wheat_seeds":3,"minecraft:feather":1,"minecraft:acacia_log":2,"minecraft:coal":5,"minecraft:item_frame":2,"minecraft:dirt":10,"minecraft:stone_button":1,"minecraft:cornflower":1,"minecraft:zombie_head":1,"minecraft:bucket":1,"minecraft:bone":7,"minecraft:dandelion":1,"minecraft:oak_door":1,"minecraft:furnace":1,"minecraft:stone_axe":1,"alexsmobs:maggot":2,"minecraft:sugar_cane":12,"alexsmobs:gazelle_horn":1,"minecraft:cobbled_deepslate":1,"minecraft:raw_copper":8,"minecraft:pointed_dripstone":3,"minecraft:raw_iron":19,"minecraft:rotten_flesh":10,"aether:leather_gloves":1,"minecraft:oak_planks":1,"minecraft:white_bed":1,"supplementaries:ash":1,"born_in_chaos_v1:corpse_maggot":1,"minecraft:leather_boots":2,"minecraft:oak_sapling":1,"iceandfire:bestiary":1,"minecraft:stone_pickaxe":1,"minecraft:wooden_pickaxe":1,"minecraft:calcite":1,"minecraft:acacia_fence":2,"minecraft:egg":1},"minecraft:killed":{"minecraft:cave_spider":4,"enemyexpansion:direwolf":1,"minecraft:skeleton":3,"minecraft:chicken":1,"luminousworld:charaxes":1,"alexsmobs:kangaroo":1,"minecraft:pig":8,"minecraft:sheep":1,"alexsmobs:catfish":2,"luminousworld:savannah_skeleton":2,"minecraft:zombie":2,"born_in_chaos_v1:dread_hound":3,"born_in_chaos_v1:corpse_fly":1,"alexsmobs:fly":1},"minecraft:killed_by":{"minecraft:husk":3,"minecraft:creeper":1,"alexsmobs:elephant":3,"minecraft:skeleton":1,"iceandfire:lightning_dragon":2},"minecraft:mined":{"minecraft:dark_oak_planks":1,"minecraft:spruce_planks":1,"minecraft:white_bed":2,"iceandfire:silver_ore":1,"minecraft:oak_door":4,"minecraft:acacia_log":2,"minecraft:grass_block":3,"luminousworld:whiteoakleaves":1,"luminousworld:savanna_grass_2":1,"minecraft:spawner":2,"minecraft:hay_block":33,"minecraft:furnace":1,"minecraft:iron_ore":31,"minecraft:acacia_wood":1,"minecraft:andesite":3,"minecraft:pointed_dripstone":1,"minecraft:deepslate_iron_ore":14,"minecraft:stripped_oak_log":1,"minecraft:stone":84,"minecraft:white_wool":2,"minecraft:glass_pane":2,"minecraft:medium_amethyst_bud":1,"minecraft:amethyst_cluster":3,"minecraft:stone_brick_slab":1,"minecraft:dandelion":1,"minecraft:cornflower":1,"minecraft:crafting_table":7,"minecraft:torch":3,"minecraft:calcite":7,"minecraft:copper_ore":2,"minecraft:cobblestone":13,"minecraft:sugar_cane":6,"minecraft:diorite":54,"minecraft:wall_torch":8,"minecraft:amethyst_block":4,"minecraft:stone_stairs":1,"minecraft:red_terracotta":2,"minecraft:wheat":37,"iceandfire:ash":1,"minecraft:birch_leaves":4,"minecraft:grass":20,"minecraft:coal_ore":33,"minecraft:oak_log":22,"minecraft:acacia_fence":1,"minecraft:dirt":9,"minecraft:gray_carpet":1,"minecraft:cobweb":20,"minecraft:smooth_basalt":1,"luminousworld:savannah_grass_4":1,"minecraft:oak_leaves":7,"minecraft:deepslate":1},"minecraft:crafted":{"minecraft:oak_door":3,"minecraft:oak_planks":64,"aether:iron_ring":2,"minecraft:furnace":1,"minecraft:iron_axe":1,"minecraft:stone_pickaxe":2,"aether:iron_pendant":1,"minecraft:wheat":279,"minecraft:cooked_porkchop":17,"minecraft:crafting_table":3,"minecraft:iron_helmet":1,"minecraft:wooden_pickaxe":1,"minecraft:bucket":2,"minecraft:stone_axe":2,"minecraft:bread":93,"minecraft:air":0,"aether:iron_gloves":1,"quark:oak_chest":2,"minecraft:stick":40,"minecraft:iron_ingot":56,"minecraft:iron_leggings":1,"aether:white_cape":1,"minecraft:white_bed":2,"minecraft:acacia_planks":4,"minecraft:torch":116,"minecraft:shears":1}},"DataVersion":3465}