{"stats":{"minecraft:picked_up":{"iceandfire:dragon_skull_lightning":1,"minecraft:crafting_table":7,"minecraft:amethyst_block":4,"aether:leather_gloves":1,"minecraft:cornflower":1,"alexsmobs:gazelle_horn":1,"minecraft:string":18,"minecraft:raw_copper":8,"minecraft:item_frame":2,"minecraft:zombie_head":1,"minecraft:experience_bottle":2,"iceandfire:bestiary":1,"minecraft:cobbled_deepslate":1,"minecraft:bucket":1,"born_in_chaos_v1:gnawed_bones":1,"minecraft:calcite":7,"minecraft:iron_pickaxe":1,"minecraft:sugar_cane":14,"minecraft:egg":3,"minecraft:furnace":2,"minecraft:raw_iron":46,"minecraft:stick":1,"iceandfire:dragonbone":13,"minecraft:acacia_fence":2,"minecraft:oak_door":5,"minecraft:torch":23,"minecraft:acacia_log":4,"minecraft:porkchop":17,"minecraft:stone_button":1,"minecraft:cookie":5,"minecraft:pointed_dripstone":3,"minecraft:diorite":45,"minecraft:arrow":2,"minecraft:rotten_flesh":10,"minecraft:hay_block":33,"mowziesmobs:umvuthana_mask_bliss":1,"minecraft:gold_ingot":2,"supplementaries:ash":1,"minecraft:mutton":2,"alexsmobs:kangaroo_meat":2,"minecraft:white_wool":14,"minecraft:cobblestone":96,"minecraft:stripped_oak_log":1,"born_in_chaos_v1:corpse_maggot":1,"minecraft:feather":1,"born_in_chaos_v1:monster_flesh":2,"minecraft:water_bucket":1,"minecraft:andesite":3,"minecraft:oak_log":23,"minecraft:dirt":17,"born_in_chaos_v1:monster_skin":2,"minecraft:bone":7,"minecraft:gray_carpet":1,"minecraft:wheat_seeds":4,"minecraft:iron_ingot":3,"minecraft:iron_sword":1,"minecraft:smooth_basalt":1,"minecraft:dandelion":1,"minecraft:amethyst_shard":12,"minecraft:white_bed":4,"minecraft:acacia_stairs":1,"minecraft:spider_eye":2,"minecraft:slime_ball":5,"minecraft:emerald":1,"alexsmobs:maggot":2,"tombstone:magic_scroll":1,"minecraft:oak_sapling":1,"minecraft:coal":32,"iceandfire:raw_silver":1},"minecraft:custom":{"minecraft:mob_kills":30,"minecraft:interact_with_crafting_table":16,"minecraft:open_barrel":1,"minecraft:time_since_death":26011,"minecraft:leave_game":4,"minecraft:climb_one_cm":498,"minecraft:sprint_one_cm":175551,"minecraft:walk_one_cm":301943,"minecraft:drop":77,"minecraft:talked_to_villager":5,"minecraft:play_time":149670,"minecraft:deaths":3,"minecraft:sneak_time":1603,"minecraft:walk_under_water_one_cm":45671,"minecraft:jump":2123,"minecraft:walk_on_water_one_cm":35938,"minecraft:total_world_time":149670,"minecraft:interact_with_furnace":41,"minecraft:sleep_in_bed":6,"minecraft:time_since_rest":9443,"minecraft:damage_taken":3522,"minecraft:damage_dealt":4311,"minecraft:swim_one_cm":89465,"minecraft:fly_one_cm":306247,"minecraft:open_chest":20,"minecraft:crouch_one_cm":924,"tombstone:undead_killed":6,"minecraft:fall_one_cm":67659},"minecraft:broken":{"minecraft:stone_pickaxe":1,"minecraft:stone_axe":1,"aether:leather_gloves":1},"minecraft:used":{"minecraft:iron_sword":31,"minecraft:oak_door":7,"minecraft:torch":109,"minecraft:dirt":1,"minecraft:smooth_basalt":1,"minecraft:furnace":1,"tombstone:gift":2,"minecraft:egg":2,"minecraft:golden_boots":1,"minecraft:water_bucket":12,"minecraft:diorite":45,"minecraft:stone_pickaxe":244,"minecraft:leather_chestplate":1,"minecraft:wooden_pickaxe":7,"minecraft:sugar_cane":2,"minecraft:crafting_table":9,"minecraft:white_bed":5,"minecraft:acacia_stairs":1,"minecraft:bread":52,"minecraft:iron_pickaxe":19,"minecraft:stone_axe":157,"minecraft:cobblestone":67,"minecraft:cooked_porkchop":2,"minecraft:andesite":3,"minecraft:bucket":13,"alexsmobs:animal_dictionary":3,"minecraft:experience_bottle":2},"minecraft:dropped":{"minecraft:iron_ingot":10,"minecraft:bread":8,"minecraft:wheat_seeds":3,"minecraft:feather":1,"minecraft:acacia_log":2,"minecraft:coal":5,"minecraft:item_frame":2,"minecraft:dirt":10,"minecraft:stone_button":1,"minecraft:cornflower":1,"minecraft:zombie_head":1,"minecraft:bucket":1,"minecraft:bone":7,"minecraft:dandelion":1,"minecraft:oak_door":1,"minecraft:furnace":1,"minecraft:stone_axe":1,"alexsmobs:maggot":2,"minecraft:sugar_cane":12,"alexsmobs:gazelle_horn":1,"minecraft:cobbled_deepslate":1,"minecraft:raw_copper":8,"minecraft:pointed_dripstone":3,"minecraft:raw_iron":19,"minecraft:rotten_flesh":10,"aether:leather_gloves":1,"minecraft:oak_planks":1,"minecraft:white_bed":1,"supplementaries:ash":1,"born_in_chaos_v1:corpse_maggot":1,"minecraft:leather_boots":2,"minecraft:oak_sapling":1,"iceandfire:bestiary":1,"minecraft:stone_pickaxe":1,"minecraft:wooden_pickaxe":1,"minecraft:calcite":1,"minecraft:acacia_fence":2,"minecraft:egg":1},"minecraft:killed":{"minecraft:cave_spider":4,"enemyexpansion:direwolf":1,"minecraft:skeleton":3,"minecraft:chicken":1,"luminousworld:charaxes":1,"alexsmobs:kangaroo":1,"minecraft:pig":8,"minecraft:sheep":1,"alexsmobs:catfish":2,"luminousworld:savannah_skeleton":1,"minecraft:zombie":2,"born_in_chaos_v1:dread_hound":3,"born_in_chaos_v1:corpse_fly":1,"alexsmobs:fly":1},"minecraft:killed_by":{"minecraft:creeper":1,"minecraft:skeleton":1},"minecraft:mined":{"minecraft:dark_oak_planks":1,"minecraft:spruce_planks":1,"minecraft:white_bed":2,"iceandfire:silver_ore":1,"minecraft:oak_door":4,"minecraft:acacia_log":2,"minecraft:grass_block":3,"luminousworld:whiteoakleaves":1,"minecraft:hay_block":33,"minecraft:furnace":1,"minecraft:iron_ore":31,"minecraft:andesite":3,"minecraft:pointed_dripstone":1,"minecraft:deepslate_iron_ore":14,"minecraft:stripped_oak_log":1,"minecraft:stone":84,"minecraft:glass_pane":2,"minecraft:medium_amethyst_bud":1,"minecraft:amethyst_cluster":3,"minecraft:stone_brick_slab":1,"minecraft:dandelion":1,"minecraft:cornflower":1,"minecraft:crafting_table":7,"minecraft:torch":2,"minecraft:calcite":7,"minecraft:copper_ore":2,"minecraft:cobblestone":13,"minecraft:sugar_cane":6,"minecraft:diorite":54,"minecraft:wall_torch":8,"minecraft:amethyst_block":4,"minecraft:stone_stairs":1,"minecraft:red_terracotta":2,"minecraft:birch_leaves":4,"minecraft:grass":20,"minecraft:coal_ore":33,"minecraft:oak_log":22,"minecraft:dirt":9,"minecraft:gray_carpet":1,"minecraft:cobweb":4,"minecraft:smooth_basalt":1,"minecraft:oak_leaves":7,"minecraft:deepslate":1},"minecraft:crafted":{"minecraft:oak_door":3,"minecraft:oak_planks":52,"minecraft:furnace":1,"minecraft:stone_pickaxe":2,"minecraft:wheat":279,"minecraft:cooked_porkchop":17,"minecraft:crafting_table":3,"minecraft:wooden_pickaxe":1,"minecraft:bucket":2,"minecraft:stone_axe":2,"minecraft:bread":93,"minecraft:air":0,"minecraft:stick":32,"minecraft:iron_ingot":56,"minecraft:white_bed":2,"minecraft:torch":92,"minecraft:shears":1}},"DataVersion":3465}