{"stats":{"minecraft:dropped":{"minecraft:oak_door":1,"minecraft:wheat_seeds":1,"minecraft:feather":1,"minecraft:rotten_flesh":7,"aether:leather_gloves":1,"minecraft:cornflower":1,"minecraft:wooden_pickaxe":1,"minecraft:dandelion":1,"minecraft:egg":1},"minecraft:killed":{"minecraft:pig":7,"minecraft:sheep":1,"alexsmobs:catfish":2,"minecraft:chicken":1,"alexsmobs:fly":1},"minecraft:crafted":{"minecraft:oak_door":3,"minecraft:oak_planks":32,"minecraft:crafting_table":2,"minecraft:wooden_pickaxe":1,"minecraft:stone_axe":1,"minecraft:bread":93,"minecraft:stick":20,"minecraft:stone_pickaxe":1,"minecraft:torch":28,"minecraft:wheat":279},"minecraft:custom":{"minecraft:mob_kills":12,"minecraft:interact_with_crafting_table":6,"minecraft:leave_game":4,"minecraft:time_since_death":31276,"minecraft:sleep_in_bed":2,"minecraft:time_since_rest":20410,"minecraft:sprint_one_cm":59020,"minecraft:damage_taken":1270,"minecraft:walk_one_cm":70849,"minecraft:drop":9,"minecraft:damage_dealt":1131,"minecraft:swim_one_cm":73928,"minecraft:talked_to_villager":2,"minecraft:fly_one_cm":96280,"minecraft:open_chest":1,"minecraft:crouch_one_cm":38,"minecraft:play_time":49421,"minecraft:deaths":2,"minecraft:sneak_time":389,"minecraft:walk_under_water_one_cm":22534,"minecraft:jump":587,"minecraft:walk_on_water_one_cm":4341,"minecraft:total_world_time":49421,"minecraft:fall_one_cm":18395},"minecraft:mined":{"minecraft:oak_door":4,"minecraft:dandelion":1,"minecraft:crafting_table":3,"minecraft:cornflower":1,"minecraft:cobblestone":3,"minecraft:sugar_cane":6,"minecraft:diorite":12,"minecraft:wall_torch":1,"minecraft:hay_block":31,"minecraft:iron_ore":5,"minecraft:grass":7,"minecraft:coal_ore":15,"minecraft:oak_log":22,"minecraft:stripped_oak_log":1,"minecraft:stone":26,"minecraft:oak_leaves":5},"minecraft:killed_by":{"minecraft:creeper":1},"minecraft:used":{"minecraft:stone_pickaxe":55,"minecraft:wooden_pickaxe":7,"minecraft:sugar_cane":2,"minecraft:oak_door":7,"minecraft:torch":16,"minecraft:crafting_table":4,"minecraft:bread":15,"minecraft:stone_axe":47,"minecraft:cobblestone":10,"alexsmobs:animal_dictionary":3},"minecraft:picked_up":{"minecraft:stripped_oak_log":1,"minecraft:crafting_table":3,"minecraft:feather":1,"minecraft:oak_log":22,"aether:leather_gloves":1,"minecraft:cornflower":1,"minecraft:bone":3,"minecraft:wheat_seeds":2,"minecraft:sugar_cane":8,"minecraft:egg":1,"minecraft:raw_iron":5,"minecraft:oak_door":5,"minecraft:torch":9,"minecraft:dandelion":1,"minecraft:porkchop":14,"minecraft:diorite":8,"minecraft:rotten_flesh":7,"minecraft:slime_ball":5,"minecraft:hay_block":31,"alexsmobs:maggot":2,"minecraft:cobblestone":28,"minecraft:mutton":1,"minecraft:coal":15,"minecraft:white_wool":1}},"DataVersion":3465}